title,salary,company
python开发工程师（双休+奖金）,4.5-8千/月,成都启锋科技有限公司
python、java初级开发工程师,0.8-1万/月,广东省尚道留学人员服务中心
Python开发工程师,0.8-1.2万/月,深圳市爱飞亿科技有限公司
Python开发工程师4,6-8千/月,深圳神木源科技有限公司
Python开发工程师,1-1.5万/月,深圳市诺维尔科技互联网有限公司
python开发工程师（双休+奖金）,4.5-8千/月,成都龙捷科技有限公司
Python开发工程师,6-8千/月,深圳神木源科技有限公司
Python开发工程师,1-1.5万/月,购乐贸易（深圳）有限公司
Python高级开发工程师,1.5-2万/月,深圳市能信安科技股份有限公司
Python工程师,1-2万/月,静瞳海外投资顾问（深圳）有限公司
python开发,1.6-2.6万/月,深圳樱吉尔企业咨询管理有限公司
Python开发工程师,1-1.5万/月,深圳星际超脑智能系统有限公司
Python高级开发工程师,1.5-2.5万/月,深圳趣晓网络科技有限公司
Python开发工程师,1-1.5万/月,深圳市熙锐网络科技有限公司
课程设计（python）,0.9-1.4万/月,深圳点猫科技有限公司
Python软件工程师,1.5-2万/月,成都市鹰诺实业有限公司深圳分公司
python爬虫工程师,1.5-3万/月,雷特网络科技有限公司
Python高级开发工程师（爬虫）,2-3万/月,深圳市菲凡数据科技有限公司
Python高级开发工程师,2-3万/月,深圳市道合顺科技有限公司
风控策略分析师（Python）,1-2万/月,墨智科技（深圳）有限公司
python开发工程师,1.4-2.8万/月,深信服科技股份有限公司
软件开发工程师（Python/Java）,1.6-3万/月,华为技术有限公司
Python开发运维（驻场）,1.2-1.8万/月,北京海量数据技术股份有限公司
Python高级开发工程师,1.5-2万/月,深圳乐通信息技术有限公司
Python后端开发工程师,1.5-3万/月,北京国双科技有限公司
python/C# 运维开发,1-1.5万/月,神州数码信息服务股份有限公司
Python开发工程师,1-2万/月,深圳市麦凯莱科技有限公司
Python高级爬虫开发工程师,1-1.5万/月,深圳市蜂窝数据信息技术有限公司
Python开发工程师,1-1.5万/月,成都迈思信息技术有限公司
Python开发工程师,1.5-3万/月,深圳蒲公英农业科技有限公司
Python开发工程师,0.8-1.5万/月,深圳市大富科技股份有限公司
Python外包,1-1.5万/月,信必优(深圳)信息技术有限公司
后端研发工程师（python）,0.6-1.2万/月,零搜科技（深圳）有限公司
Python 开发工程师 (职位编号：109376824016775),1.5-2万/月,文思海辉技术有限公司Pactera Technology International Limited
高级Python开发,2-4万/月,北京泛鹏天地科技股份有限公司
Python工程师,1.2-2万/月,深圳市安络科技有限公司
Python系统工程师,1.5-2万/月,深圳市衍盛资产管理有限公司
Python后端工程师,,深圳市北科瑞声科技股份有限公司
Python开发工程师,0.8-1万/月,深圳市盛凯信息科技有限公司
高级Python金融开发工程师,2.5-3万/月,深圳市子在线上投资管理有限公司
python方向助理工程师,3-4.5千/月,陕西企长网络科技有限公司
25923-监控系统开发工程师（Python/Go）（深圳） (职位编号：57279),,深圳市腾讯计算机系统有限公司
python后台开发,1-2万/月,深圳纳实大数据技术有限公司
Python开发工程师,1.5-2万/月,深圳朗安信息科技有限公司
Python开发工程师,1-1.5万/月,深圳极联信息技术股份有限公司
Python开发工程师,1-1.5万/月,深圳市悟空跨境科技有限公司
Python开发工程师（金蝶云苍穹）,1.5-2.5万/月,金蝶软件（中国）有限公司
Python开发工程师,1-2万/月,上海阜坤信息科技有限公司
Python开发工程师/主任(工作地点在石岩),1.5-2.2万/月,禧图纸品印刷（深圳）有限公司
Python开发工程师,1-1.5万/月,深圳市拓保软件有限公司
