【合租】双井 合生国际花园(一 q室次卧,合生国际花园(一,"
                            c                        ",https://legoclick.58.com/cpaclick?target=szqBpB3draOWUvYf0A-80A7Guvq8uL-ds1nOnjEOPjDQPW0QrjnYXaO1pZwVUT7bsHmzPW0YPAwbsHNdmWmVPjnOPzYOnWEYsymYujDYnWwWP10zu9DQPW93n1EzPkDKn1bkPjbYnHDvP1D3n1EKPWTknjTkTHD1nTDLnjD1PTDQTHDdrjn1rH9vn1TQPjnKPHTKwbnV0AnVUA-1IAQ-uMEKnEDQTEDVnEDKnWEOnHDdnWTQnWnQrj9OTHTKnHDznW9lnWTkn7tYnjTkTHDKuHT3mWTOrANVP1nvmBYYuH9QsyD3P1EVrHRWnADkuj-WPjE3THDQPH9vnW9YP1cLnWckPjc3rjTKnHDdrjmzrjELnWmdPjb1PjTQP9DKPjc3n9DQTHD8nTDKsEDKTy6YIZK1rBtfmhC8PH98mvqVsLKGUMK6pyIfUhIOIiqkUBtQs1qVpyOk0h-WuHYznjTkg1EknjTKTHDQnz3Qnj98nH9YsW9zTHTKnTDQsWTKnikYnW9zTgVqTHDknjTvTHDknjT3PHDKnvcdPH91nWmVujK6raYYnHu6syD3PHTVnHIhPHcYP19LnhFhTEDkTEDKnTDKnTDzn1w-P1I6Phn1mWDzmHTd&tid=3b558326-d0a8-416a-a850-17f5247872bf&slotid=1000851&productid=10006&bizresource=0&extParam=%7B%22ppgy_stats%22%3A%7B%22pageSource%22%3A%22%22%2C%22resource%22%3A%2258%22%2C%22abVersion%22%3A%22%22%7D%7D
【整租】台湖镇 首开万科城市之光 q室厅,首开万科城市之光,"
                            cj                        ",https://legoclick.58.com/cpaclick?target=szqBpB3draOWUvYf0A-80A7Guvq8uL-ds1EknjcYrH9znWNLP1bYXaO1pZwVUT7bsHNQrHmYrHc3syckPHTVPAwbuBdBrHPWsHcvrHuWuhNLmH93nTDvP1TQnWEYP19Qnj91rTDKPjTknWEOrjczPH0LrHEKPWTknjTkTHmknjTknTDLnjD1PTDQTHDdrjn1rH9vn1DvnjmKPHTKwbnV0AnVUA-1IAQ-uMEKnEDzTEDVnEDKnHD3PHDYnjTvPHndn193P10YPTDkTHDQnWc3rWcknjKxPjTknTDQTHDLmhnOP1-hsymOnjTVPj7WPiY3PAEvsHu6nH7-uhFbmyEku9DQnHbkPHbdrHmOPH9LnHTQPWbvTHDQrHTdrHNOPWbdnW91rjDYPjTKTHEzrjcKnEDQsWTKTiYKTE7CIZwk01CfsvFJsWN3shPfUiqkpyOkmy-MUvOMXgNf0A3fnBt4Uy-80ZFGmvNqnWTkn7tYnjTkTEDQnHn8nHT3sWD3Pa33n9DkTHTKni3kTHD_Pjc3n97exEDQnjTkP9DQnjTkrjNQTyuWPAN3rHT1sHwbnynVPjcOPBYOuHKBsyD1m1cvPjI6mW-bu9DKnTDKTHTKTHTKnAcznWTOnWRWnADzuHDdu9&tid=fc4e8903-4d1c-4296-9e0b-a3c2647ab9df&slotid=1000851&productid=10006&bizresource=0&extParam=%7B%22ppgy_stats%22%3A%7B%22pageSource%22%3A%22%22%2C%22resource%22%3A%2258%22%2C%22abVersion%22%3A%22%22%7D%7D
【整租】世联红璞公寓 垡头 双合店,垡头,"
                                                    ",https://legoclick.58.com/cpaclick?target=szqBpB3draOWUvYf0A-80A7Guvq8uL-ds1nOPH0QnWD3njELn10kXaO1pZwVUT7bsH0dn1bdP1--sHIhPH0VPju-uiYOuWI-sHFhPyN1nWEvujIWu9DYPj9OnH0zPWELPjTkPEDKn1bdP1DznH9kPj01P1TKPWTknjTkTHmknjTknTDLnjD1PTDQTHDdrjn1rH9vn1nQnjEKPHTKwbnV0AnVUA-1IAQ-uMEKnED1TEDVnEDKnHTvn1m1rHcLrHEzPjNznjDOn9DkTHDQnWc3rWcknjKxPjTknTDQTH6hrADYmWmvsHNkm19VPjK-PiYOmhNLsHmzmWTLP1T3nhDzuTDQnH0dP1cLnjc1rjD3njnQnHTYTHDQP1NLnW0knWnLPHb1nHT3Pj9KTHEzrjcKnEDQsWTKTiYKTE7CIZwk01CfsvFJsWN3shPfUiqkpyOkmy-MUvOMXgNf0A3fnzt4Uy-80ZFGmvNqnWTkn7tYnjTkTEDQnHn8nHT3sWD3Pa33n9DkTHTKni3kTHD_Pjc3n97exEDQnjTkP9DQnjTkrjNQTyE3uWw-PjEYsHn3PWbVPj7bPBY3nj7BsHTdnHbYmyPhPWI-PTDKnTDKTHTKTHTKm1TzPW0YrjTkPjRhm1DdP9&tid=d8f4e444-3869-41d6-801b-05194acf67e4&slotid=1000851&productid=10006&bizresource=0&extParam=%7B%22ppgy_stats%22%3A%7B%22pageSource%22%3A%22%22%2C%22resource%22%3A%2258%22%2C%22abVersion%22%3A%22%22%7D%7D
【合租】定福庄 泰福苑(一区) 室主卧,泰福苑(一区),"
                            c                        ",https://legoclick.58.com/cpaclick?target=szqBpB3draOWUvYf0A-80A7Guvq8uL-ds1nOPjTQrjbQPHbvnjE1XaO1pZwVUT7bsH7BmWD1PvP-sHNdnAEVPANvmzY3m1TYsH0duWb1rHDdPhP-n9Dvn1cLn1Ddn1D3rHDzPTDKn1bYnjD3rHDdrHmkPjnKPWTknjTkTHmknjTknTDLnjD1PTDQTHDdrjn1rH9vn1EvPWmKPHTKwbnV0AnVUA-1IAQ-uMEKnEDYTEDVnEDKnHDzPjD1nHn1rHTYPWNknWEknTDkTHDQnWc3rWcknjKxPjTknTDQTyNQrAuWnymOsHR6mHbVPj0dnaYOPjIbsycOmWcLuHm1ryNduEDQnH0knH03PHnYP1E3rHbQPj93THDQP1TQP19dn1EvPHcdnWmdrHnKTHEzrjcKnEDQsWTKTiYKTE7CIZwk01CfsvFJsWN3shPfUiqkpyOkmy-MUvOMXgNf0A3fPat4Uy-80ZFGmvNqnWTkn7tYnjTkTEDQnHn8nHT3sWD3Pa33n9DkTHTKni3kTHD_Pjc3n97exEDQnjTkP9DQnjTkrjNQTHb3myF6mHc3sHbzPANVPAn1nzYOrHRWsHEkuWTvPWn3ujmzm9DKnTDKTHTKTHTKnyuhnHI-nW-hPWuBuy7WrT&tid=98abaa28-924e-4c33-995c-40f06638d62b&slotid=1000851&productid=10006&bizresource=0&extParam=%7B%22ppgy_stats%22%3A%7B%22pageSource%22%3A%22%22%2C%22resource%22%3A%2258%22%2C%22abVersion%22%3A%22%22%7D%7D
【整租】次渠 次渠北里(五区q q室q厅,次渠北里(五区q,"
                            q                        ",https://legoclick.58.com/cpaclick?target=szqBpB3draOWUvYf0A-80A7Guvq8uL-ds1EknjnvnWnQnHDzP1nvXaO1pZwVUT7bsyNknWFbP1PbsyNOP10VPAFWmid6mWI-sH6BuAc1ny76nW7BmEDYn1cQnW01Pj9LnHNvrEDKPjTkn1mzn1DQnHcLn1mKPWTknjTkTHD1nTDLnjD1PTDQTHDdrjn1rH9vn1mznHTKPHTKwbnV0AnVUA-1IAQ-uMEKnEDdTEDVnEDKnHDknHT3nHbLPj9kP10YnjEQPkDkTHDQnWc3rWcknjKxPjTknTDQTH9kuWc1P1u6sH7WnWbVPADkuid6uhuBsHmzmHcLuH-buyuWP9DQnHbkrHmYPH0znjnQn1T1PW9kTHDQrHTOPWEdP1DOrjNQrjcLnWTKTHEzrjcKnEDQsWTKTiYKTE7CIZwk01CfsvFJsWN3shPfUiqkpyOkmy-MUvOMXgNf0A3fPit4Uy-80ZFGmvNqnWTkn7tYnjTkTEDQnHn8nHT3sWD3Pa33n9DkTHTKni3kTHD_Pjc3n97exEDQnjTkP9DQnjTkrjNQTHm1m1n1PHb3sH6hP1EVPjEQmBY3nhFbsH-hmHu6PyFWnhu6PkDKnTDKTHTKTHTKujRWrAn3Pj6hPjwhnhnLnT&tid=63c33598-8f74-441b-82bd-9fa6a5bc2fa7&slotid=1000851&productid=10006&bizresource=0&extParam=%7B%22ppgy_stats%22%3A%7B%22pageSource%22%3A%22%22%2C%22resource%22%3A%2258%22%2C%22abVersion%22%3A%22%22%7D%7D
【合租】回龙观 北店嘉园(北区) 室次卧,北店嘉园(北区),"
                            c                        ",https://legoclick.58.com/cpaclick?target=szqBpB3draOWUvYf0A-80A7Guvq8uL-ds1nOPjEOP1cdnjmYnWcQXaO1pZwVUT7bsH9vnhmOmyRWsHTvuWbVPAu6PzYOmH-BsyELnWPBryN3PHRWrEDvPWDzrjm3Pjb1njNvnkDKn1bYPjbLnWNkPWEznWDKPWTknjTkTHmknjTknTDLnjD1PTDQTHDdrjn1rH9vn10vrHEKPHTKwbnV0AnVUA-1IAQ-uMEKnEDvTEDVnEDKnHDLnjDLnWmkPHn3P1cdPH9krTDkTHDQnWc3rWcknjKxPjTknTDQTHDYuHT1PWI-syPWPWmVPjF6naY3PHD3syFbnHNvP1RhnAPWPEDQnH0QP1EdrHEQrjm1njD3PjbvTHDQP1DLPjNOPjDLP1EOPjcznj9KTHEzrjcKnEDQsWTKTiYKTE7CIZwk01CfsvFJsWN3shPfUiqkpyOkmy-MUvOMXgNf0A3fPBt4Uy-80ZFGmvNqnWTkn7tYnjTkTEDQnHn8nHT3sWD3Pa33n9DkTHTKni3kTHD_Pjc3n97exEDQnjTkP9DQnjTkrjNQTyn3uhRbPAE3sHN1uhEVPjw6Pzd6ryNYsHPBnvNQPjI6ny7BnkDKnTDKTHTKTHTKPHcdnhnkmhcvm1NYPjnznT&tid=c8fed4d8-53fd-44a7-a9e4-3b3e147a1ab3&slotid=1000851&productid=10006&bizresource=0&extParam=%7B%22ppgy_stats%22%3A%7B%22pageSource%22%3A%22%22%2C%22resource%22%3A%2258%22%2C%22abVersion%22%3A%22%22%7D%7D
【整租】青遇home 高碑店 超级网红小区,高碑店,"
                            c                        ",https://legoclick.58.com/cpaclick?target=szqBpB3draOWUvYf0A-80A7Guvq8uL-ds1nOPWNLPjcOnH03PHnzXaO1pZwVUT7bsyRBryNdrH-WsHF-PHTVPAnOuad6rHIBsHTknvm1PHNQnHF-rTDYPjmLPjTOnHbkrjm1nTDKn1bvPH0YnWbQP19dn1cKPWTknjTkTHmknjTknTDLnjD1PTDQTHDdrjn1rH9vn1bznjEKPHTKwbnV0AnVUA-1IAQ-uMEKnEDLTEDVnEDKnWEOnHDdnHEOnjmvnWmYTHTKnHDznW9lnWTkn7tYnjTkTHDKuH9Yujn3ujnVmyu6mzYYmyPbsyD1nWTVnjbLPWELPyDLPjwbTHDQP19dPHDOrHTznHnYnW0znjTKnHDLrjNdnHbOnjDdPj0knW9YrTDKPjc3n9DQTHD8nTDKsEDKTy6YIZK1rBtfmhC8PH98mvqVsLKGUMK6pyIfUhIOIiqkUBtLs1qVpyOk0h-WuHYznjTkg1EknjTKTHDQnz3Qnj98nH9YsW9zTHTKnTDQsWTKnikYnW9zTgVqTHDknjTvTHDknjT3PHDKmW9YmW9kPj0VuAmkmzYYPWm3sH-hmvnVmyDYPHNQuW9zrjwBTEDkTEDKnTDKnTDdujEknH93PAm1mWN1uWD1&tid=b84b8047-df0c-4668-9fcc-aa4551f8284b&slotid=1000851&productid=10006&bizresource=0&extParam=%7B%22ppgy_stats%22%3A%7B%22pageSource%22%3A%22%22%2C%22resource%22%3A%2258%22%2C%22abVersion%22%3A%22%22%7D%7D
【整租】城家公寓 科技园区 北京总部基地店,科技园区,"
                            cj                            -
                            c                        ",https://legoclick.58.com/cpaclick?target=szqBpB3draOWUvYf0A-80A7Guvq8uL-ds1nOnHEOPW0OPHN3Pjn3XaO1pZwVUT7bsHFbujKbuH0QsH-hnjDVPAFhmzd6rAwhsH-WmyuWm1EvuHmQm9DvPHndnHmknWTdnH9YP9DKn1bQPjbvP1bdPH9Yn19KPWTknjTkTHmknjTknTDLnjD1PTDQTHDdrjn1rH9vPjTLP1nKPHTKwbnV0AnVUA-1IAQ-uMEKnED3TEDVnEDKnHDdP1D3rjmdPWTLPHmYrHTzPTDkTHDQnWc3rWcknjKxPjTknTDQTyFhrA7WujI6syEvrynVPjbLPBd6rAnYsHckPj-hnH91rHEznEDQnHmQrHDYnjNkPWN1P1c3P1m3THDQPWDOnHEkPHTvP1TdnHTkrjDKTHEzrjcKnEDQsWTKTiYKTE7CIZwk01CfsvFJsWN3shPfUiqkpyOkmy-MUvOMXgNf0A3frat4Uy-80ZFGmvNqnWTkn7tYnjTkTEDQnHn8nHT3sWD3Pa33n9DkTHTKni3kTHD_Pjc3n97exEDQnjTkP9DQnjTkrjNQTHFWuhEvmyEvsHczrj0VPjRBuaY3uyDLsHw6m191PAEdrHI-P9DKnTDKTHTKTHTKujPWmHDvuHKbPhEvuHw6u9&tid=2cfd6ad6-2287-45bd-8ea7-4ac834d597e6&slotid=1000851&productid=10006&bizresource=0&extParam=%7B%22ppgy_stats%22%3A%7B%22pageSource%22%3A%22%22%2C%22resource%22%3A%2258%22%2C%22abVersion%22%3A%22%22%7D%7D
【整租】定福庄 三间房南里号院 室厅,三间房南里号院,"
                            c                        ",https://legoclick.58.com/cpaclick?target=szqBpB3draOWUvYf0A-80A7Guvq8uL-ds1EQn10vrHEOPjNvPHndXaO1pZwVUT7bsynQm10vnH0QsycvrHmVPjEzuaY3rAubsy7hnH9dPWuhrjNOmED1rHnQnHbzn1DvnH9LrEDKPjD1P1mOPjbYPHmdn1NKPWTknjTkTHD1nTDLnjD1PTDQTHDdrjn1rH9vPjcLPHnKPHTKwbnV0AnVUA-1IAQ-uMEKnEDOTEDVnEDKnHD3Pjn1njbQrH0OnWmQrHNznTDkTHDQnWc3rWcknjKxPjTknTDQTHTYPjn1PHPhsH0LmhEVPj-BraYOryNQsHDYPvF-mhwWuAw6P9DQnWnYrjbLnWnQn1DvrjDQP10vTHDzn1E3rH0zn1DzPH9krHDdnWTKTHEzrjcKnEDQsWTKTiYKTE7CIZwk01CfsvFJsWN3shPfUiqkpyOkmy-MUvOMXgNf0A3frit4Uy-80ZFGmvNqnWTkn7tYnjTkTEDQnHn8nHT3sWD3Pa33n9DkTHTKni3kTHD_Pjc3n97exEDQnjTkP9DQnjTkrjNQTyELPW76n1c1sH76PHTVPj0OuBd6rjnLsHI6njELn1NzPh7Bu9DKnTDKTHTKTHTKnhmLujcQmWN3PhNvujmYmE&tid=d761a323-1a50-479f-a837-7a0473526abf&slotid=1000851&productid=10006&bizresource=0&extParam=%7B%22ppgy_stats%22%3A%7B%22pageSource%22%3A%22%22%2C%22resource%22%3A%2258%22%2C%22abVersion%22%3A%22%22%7D%7D
【整租】条玛青年社区 劲松 劲松精选一店,劲松,"
                                                        -
                                                    ",https://legoclick.58.com/cpaclick?target=szqBpB3draOWUvYf0A-80A7Guvq8uL-ds1EQn19vnWm3nHDYP1czXaO1pZwVUT7bsHN1mhwBmH6BsHK-uWNVPjN1PzdBnWcQsHb3mWFhmvmOPW01n9DLPWE1P1c3P1DYP1NOTEDYnHn3PWcvrjDQPj0zn9DvnjTknjTKPWTknjTkTH0knHnYTHDKnHN3n1nOrjmYPjc3rEDdnT7AEzdkmzd_pgPYUARhITDQTHDkTEDVnEDKnHDdnW9dPjTLPHcvrjmLn1N1P9DkTHDQnWc3rWcknjKxPjTknTDQTHTdrAEOrjTzsy7BPH0VPAE3rad6PhNLsH7BmvFhn1-bmWELrTDQnWndnWTzPH9YP1NOP10On1c3THDzn1NznjcdrjELnjDkPHbkP1cKTHEzrjcKnEDQsWTKTiYKTE7CIZwk01CfsvFJsWN3shPfUiqkpyOkmy-MUvOMXgNf0A3fnHTf5vdGUMKzpyP-5HcknjKxPjTknTDKnHD1sWDkra3QrjE8rjcKnTDkTHD8nTDQsjEzrjcKXLYKnHTknjmKnHTknj9dnE7WuAF-PWuBPzYvPjP-sHEkuhmVryEYPaYYmH0YPHNQujTOuANKTHTKTEDkTEDkTHN1PWubrHn1nHnLnWm3rym&tid=cdbe66b7-643e-40ff-9d44-4a74551d09de&slotid=1000851&productid=10006&bizresource=0&extParam=%7B%22ppgy_stats%22%3A%7B%22pageSource%22%3A%22%22%2C%22resource%22%3A%2258%22%2C%22abVersion%22%3A%22%22%7D%7D
【整租】条玛青年社区 劲松 劲松精选一店,劲松,"
                                                        -
                                                    ",https://legoclick.58.com/cpaclick?target=szqBpB3draOWUvYf0A-80A7Guvq8uL-ds1EQn19vnWNdnW91P1DYXaO1pZwVUT7bsyELPHuBmyPWsycLuyDVPjFBuBdBmWc1sH76mWN1nWFWmyPhnEDLPWE1P1c3P1DYP1NOTEDYnHn3PWcdPHc3n10QPTDvnjTknjTKPWTknjTkTH0knHnYTHDKnHN3n1nOrjmYPWnzPkDQPT7AEzdkmzd_pgPYUARhITDQTHDQTEDVnEDKnHDdnW9dPjTLPHcvrjmLn1N1P9DkTHDQnWc3rWcknjKxPjTknTDQTHDQm1ELmWnLsyDdnjEVPjTkmBd6uAc3sHbdrjbQnvndPju6PTDQnWndnWTznHmYnWm3nWnvrjTkTHDzn1NznjcQPWEQrHmOnH0zPj9KTHEzrjcKnEDKTiYKTE7CIZwk01CfsvFJsWN3shPfUiqkpyOkmy-MUvOMXgNf0A3fnHDf5vdGUMKzpyP-5HcknjKxPjTknTDKnHD1sWDkra3QrjE8rjcKnTDkTEDQsjEzrjcKXLYKnHTknjmKnHTknj9dnE7-mycQnH9kuBYYnjE1sHEdnANVrjb1naYdnynLuWm3PjDvm10KTHTKTEDkTEDkTy7-PvPbrAF-PAcQmhFbmHD&tid=eab1180f-4043-450e-8930-51c7f68416c7&slotid=1000851&productid=10006&bizresource=0&extParam=%7B%22ppgy_stats%22%3A%7B%22pageSource%22%3A%22%22%2C%22resource%22%3A%2258%22%2C%22abVersion%22%3A%22%22%7D%7D
【整租】乐乎社区 新宫 有朋新宫星美店,新宫,"
                            cj                            -
                            cc鸺                        ",https://legoclick.58.com/cpaclick?target=szqBpB3draOWUvYf0A-80A7Guvq8uL-ds1EQn191P1mYnWNLPH0zXaO1pZwVUT7bsHPBnhPWn1DzsyEQmH0VPjcQPzdBmvP6sHNknA7bPjNYuAP-mEDYnWcLrHDdnjEQnHc3nkDKPjD1rjnLPWEzPH0dP1cKPWTknjTkTHmknjTknTDLnjD1PTDQTHDdrjn1rH9vPj0OrHTKPHTKwbnV0AnVUA-1IAQ-uMEKnEDQn9DKsHDKTHcYrHD1PjEdPjELPH03PTDkTHDQnWc3rWcknjKxPjTknTDQTH6hPHFBmyP6sy7WPjEVPjEduBYOnW01sHbzuHK-PyD3nj-bn9DQnWndnHckPHn3PH9zPHnznjbvTHDzn1NQnWTdn19dnWn3nHD3PjTKTHEzrjcKnEDQsWTKTiYKTE7CIZwk01CfsvFJsWN3shPfUiqkpyOkmy-MUvOMXgNf0A3fnHcf5vdGUMKzpyP-5HcknjKxPjTknTDKnHD1sWDkra3QrjE8rjcKnTDkTHD8nTDQsjEzrjcKXLYKnHTknjmKnHTknj9dnEDknjuhnhnLuiY1rH6WsHw6ujDVrjckuid-m1ubuWDzrjKhn1NKTHTKTEDkTEDkTHN3uH9dnHNYm1TzuywBnyD&tid=006f2c7e-398c-4ad1-820e-ec6df1280f35&slotid=1000851&productid=10006&bizresource=0&extParam=%7B%22ppgy_stats%22%3A%7B%22pageSource%22%3A%22%22%2C%22resource%22%3A%2258%22%2C%22abVersion%22%3A%22%22%7D%7D
【合租】石门 龙泉苑小区 室主卧,龙泉苑小区,"
                            cc                        ",https://legoclick.58.com/cpaclick?target=szqBpB3draOWUvYf0A-80A7Guvq8uL-ds1EQn19QPHNdn1EvnWDdXaO1pZwVUT7bsyw-nvmLmH0YsH-6njcVPj0vuiY3nhw6sH0zm1TOPjE1rjTQrEDYPjmLPjTOnWndn1TYP9DKPjD1rjDdPHN1PjmznHNKPWTknjTkTHD1nTDLnjD1PTDQTHDdrjn1rH9vPjbdPHDKPHTKwbnV0AnVUA-1IAQ-uMEKnEDQnkDKsHDKTHcYrHDQPHnknjcQnH01P9DkTHDQnWc3rWcknjKxPjTknTDQTHu-uWEznvw-sHT3nvnVPADdmzY3nHEQsHELnyPhnhFBnhP6u9DQnWndnjE3nHNvPWmkPHDYrjDvTHDzn1NkPj9QPHmdrHnYnjNOPHnKTHEzrjcKnEDQsWTKTiYKTE7CIZwk01CfsvFJsWN3shPfUiqkpyOkmy-MUvOMXgNf0A3fnHnf5vdGUMKzpyP-5HcknjKxPjTknTDKnHD1sWDkra3QrjE8rjcKnTDkTHD8nTDQsjEzrjcKXLYKnHTknjmKnHTknj9dnEDdmhRbPvNvnBYQujcQsHELrHNVrADzuaYLrANvnjTvuW03rHTKTHTKTEDkTEDkTHndPhFWPHKbnW6-P1w6ryE&tid=5bed7e62-1d21-4795-8a2d-78e6006f7890&slotid=1000851&productid=10006&bizresource=0&extParam=%7B%22ppgy_stats%22%3A%7B%22pageSource%22%3A%22%22%2C%22resource%22%3A%2258%22%2C%22abVersion%22%3A%22%22%7D%7D
【整租】条玛青年社区 劲松 劲松精选一店,劲松,"
                                                        -
                                                    ",https://legoclick.58.com/cpaclick?target=szqBpB3draOWUvYf0A-80A7Guvq8uL-ds1EQn19vnWDvnHELPWDzXaO1pZwVUT7bsyubnWw6nAEdsyczP1mVPjwWnidBPjmvsymzrH0zrHNOrAw6uEDLPWE1P1c3P1DYP1NOTEDYnHn3PWcQPWDYP1mQn9DvnjTknjTKPWTknjTkTH0knHnYTHDKnHN3n1nOrjmdnHDYn9DdnT7AEzdkmzd_pgPYUARhITDQTHDYTEDVnEDKnHDdnW9dPjTLPHcvrjmLn1N1P9DkTHDQnWc3rWcknjKxPjTknTDQTHDznh7-ujNvsyRBnADVPjPhPzYOnW0QsHbvP1PbmHcdPjcvnEDQnWndnWTkrj9znjNzP1DkPjTkTHDzn1NznjT3rjDOrHnOrHTQPjEKTHEzrjcKnEDQsWTKTiYKTE7CIZwk01CfsvFJsWN3shPfUiqkpyOkmy-MUvOMXgNf0A3fnHEf5vdGUMKzpyP-5HcknjKxPjTknTDKnHD1sWDkra3QrjE8rjcKnTDkTHD8nTDQsjEzrjcKXLYKnHTknjmKnHTknj9dnEDdnyckrjPWuaYdnWbzsHwhnAcVrHNOmidWn16bP1mQnWTYPhEKTHTKTEDkTEDkTH9OPjmLmHK-nynLmW7bPjE&tid=51b083cd-5292-4f0b-959a-c38d7612046d&slotid=1000851&productid=10006&bizresource=0&extParam=%7B%22ppgy_stats%22%3A%7B%22pageSource%22%3A%22%22%2C%22resource%22%3A%2258%22%2C%22abVersion%22%3A%22%22%7D%7D
【整租】芍药居 芍药居北里小区 室厅,芍药居北里小区,"
                            qc                        ",https://legoclick.58.com/cpaclick?target=szqBpB3draOWUvYf0A-80A7Guvq8uL-ds1EQn19LPHTLPWnkPj9YXaO1pZwVUT7bsyFWnhRBPWNYsycOmhcVPj0vmBd6nAPbsyuWmWnkuW9znAELmED1rHnQnHbzn1DvnH9LrEDKPjD1rj0dnj0vn1TYrjEKPWTknjTkTHmknjTknTDLnjD1PTDQTHDdrjn1rH9vPHcLn1NKPHTKwbnV0AnVUA-1IAQ-uMEKnEDQPEDKsHDKTHDQrjE1n1TOnHbLrHcvnHbdnWTKnTDQnHczrjCznjTkg1EknjTKnEDYPAmzujcYuadWP1mQsHEzrynVmHT3uiYLmHNLPyRBmHmvPjNKnHc1PHcYn1cknjbYrjE3PWDYPTDQnWndnWE1nWTkrj9dPH0QPH9YTEDYnW9zTHDKni3kTEDVTEDKpZwY0ZnlszqBpB3draOWUvYf0A-80A7Guvq8uL-dsLK8s1Dds1qVpyOk0h-WuHYznjTkg1EknjTKTHDQnz3Qnj98nH9YsW9zTHTKnTDQsWTKnikYnW9zTgVqTHDknjTvTHDknjT3PHDKmHmYmy7-n1DVmWP6PBYYrjKBsHbdnAEVujP6uWNQnWEOnW01TEDkTEDKnTDKnTD3mH7bn1ubP1DQrADYuWnL&tid=a64aae31-b3a6-480b-950d-d3af51249273&slotid=1000851&productid=10006&bizresource=0&extParam=%7B%22ppgy_stats%22%3A%7B%22pageSource%22%3A%22%22%2C%22resource%22%3A%2258%22%2C%22abVersion%22%3A%22%22%7D%7D
【整租】土桥 自由筑 室厅,自由筑,"
                                                    ",https://legoclick.58.com/cpaclick?target=szqBpB3draOWUvYf0A-80A7Guvq8uL-ds1EknjckPjbLPjcknH0kXaO1pZwVUT7bsHcLrAc1nH7WsHNLPjEVPjEYPad6uhDksHDYm1whmyPbPHTzm9DvnH0vrHNdrHEYrHDkPTDKPjTknWTYrH0YnWTQP1TKPWTknjTkTHmknjTknTDLnjD1PTDQTHDdrjn1rH9vPHE1nHEKPHTKwbnV0AnVUA-1IAQ-uMEKnEDQP9DKsHDKTHDkrH9LrjmknjbYnjTLPHTkrjTKnTDQnHczrjCznjTkg1EknjTKnEDLPhmvPyP-mBYkn1b3sHEQPhDVmHTkuidWnHDYPWFWujIBmH0KnHDOnjEYrHTQnjmkP1bYn1m3nEDQnHbkPjEOnjDkPHmdrH93n1NzTEDYnW9zTHDKni3kTEDVTEDKpZwY0ZnlszqBpB3draOWUvYf0A-80A7Guvq8uL-dsLK8s1Dvs1qVpyOk0h-WuHYznjTkg1EknjTKTHDQnz3Qnj98nH9YsW9zTHTKnTDQsWTKnikYnW9zTgVqTHDknjTvTHDknjT3PHDKuWPbryR6nj0VPANknBYYmvDOsyFbnvDVPjuhrH0Oryn1mym1TEDkTEDKnTDKnT7WnW-6m19YPjD1m1D3PAEz&tid=f3d9ea07-4e02-4ca9-bd3a-46f9799c3af3&slotid=1000851&productid=10006&bizresource=0&extParam=%7B%22ppgy_stats%22%3A%7B%22pageSource%22%3A%22%22%2C%22resource%22%3A%2258%22%2C%22abVersion%22%3A%22%22%7D%7D
【整租】乐乎社区 通州周边 嘉华学院门店,通州周边,"
                                                        -
                                                    ",https://legoclick.58.com/cpaclick?target=szqBpB3draOWUvYf0A-80A7Guvq8uL-ds1EQn19znj9krHmLP1DOXaO1pZwVUT7bsyNzPj-Bn1N1sHDYryEVPj66PBYOuWnzsHP-mWN3uhEzm1TLnkDYnWcLrHDdnjEQnHc3nkDKPjD1rjckrjTOPW0LnHbKPWTknjTkTHD1nTDLnjD1PTDQTHDdrjn1rH9vPHN3PWTKPHTKwbnV0AnVUA-1IAQ-uMEKnEDQPkDKsHDKTHcYrHD1PjEdPjELPH03PTDkTHDQnWc3rWcknjKxPjTknTDQTHwbmWR6PyndsHTvryDVPAckPaYOmW6BsH9zmhnkm1mQn1DkuTDQnWndnjmdn19knWNOPHDzn1ckTHDzn1NkPWN1rjTQrHcYnHb3PjTKTHEzrjcKnEDQsWTKTiYKTE7CIZwk01CfsvFJsWN3shPfUiqkpyOkmy-MUvOMXgNf0A3fnH0f5vdGUMKzpyP-5HcknjKxPjTknTDKnHD1sWDkra3QrjE8rjcKnTDkTHD8nTDQsjEzrjcKXLYKnHTknjmKnHTknj9dnEDvuhF6uWNzuiYkujELsHE1rjmVrA76nBYznym3uAn1m1EOrHnKTHTKTEDkTEDkTyP-n1mvmynLmWDQuAuBrAc&tid=6fbaf52e-0d47-4386-8aa2-21f8dc3c4993&slotid=1000851&productid=10006&bizresource=0&extParam=%7B%22ppgy_stats%22%3A%7B%22pageSource%22%3A%22%22%2C%22resource%22%3A%2258%22%2C%22abVersion%22%3A%22%22%7D%7D
【整租】乐乎社区 新宫 有朋新宫星美店,新宫,"
                                                    ",https://legoclick.58.com/cpaclick?target=szqBpB3draOWUvYf0A-80A7Guvq8uL-ds1EQn191P1N3rHNkPHn1XaO1pZwVUT7bsyndmW0dPH7hsHRWuADVPjRBmBYOrAmOsHRBrHDvnjELmWndn9DYnWcLrHDdnjEQnHc3nkDKPjD1rjnLPH9OPHTdn1nKPWTknjTkTHmknjTknTDLnjD1PTDQTHDdrjn1rH9vPH0YPj0Kn1cKwbnV0AnVUA-1IAQ-uMEKnEDQrTDKsHDKTHcYrHD1PjEdPjELPH03PTDkTHDQnWc3rWcknjKxPjTknTDQTHIhPynOnAw-symduH9VPjELradBnWTOsH0QmyEzPvmkuWTYnEDQnWndnHckn1mYPjD3nWNzrjTkTHDzn1NQnWT1PWE1PHN1n19zPjTKTHEzrjcKnEDKTiYKTE7CIZwk01CfsvFJsWN3shPfUiqkpyOkmy-MUvOMXgNf0A3fnH9f5vdGUMKzpyP-5HcknjKxPjTknTDKnHD1sWDkra3QrjE8rjcKnTDkTEDQsjEzrjcKXLYKnHTknjmKnHTknj9dnED3PWDzuynzPBYkPWuBsHELmycVmWNdmzYOPym3PhuBujPbPWnKTHTKTEDkTEDkTy7WPhFhuAE1mW7buAnYnHD&tid=8612ec26-066b-47ab-b55c-95f86fbd3d63&slotid=1000851&productid=10006&bizresource=0&extParam=%7B%22ppgy_stats%22%3A%7B%22pageSource%22%3A%22%22%2C%22resource%22%3A%2258%22%2C%22abVersion%22%3A%22%22%7D%7D
【整租】乐乎社区 双桥 传媒大学,双桥,"
                            q                        ",https://legoclick.58.com/cpaclick?target=szqBpB3draOWUvYf0A-80A7Guvq8uL-ds1EknjEOP1cvPHc1nHNOXaO1pZwVUT7bsHn3rHmLuyDYsHIhrjcVPAcvnBdBPvuBsyu-mvN1rjT1Pj7bm9DYnWcLrHDdnjEQnHc3nkDKPjTkPjbLnWmdnWnQPHbKPWTknjTkTHmknjTknTDLnjD1PTDQTHDdrjn1rH9vPHbkn1NKPHTKwbnV0AnVUA-1IAQ-uMEKnEDQrEDKsHDKTHcYrHD1PjEdPjELPH03PTDkTHDQnWc3rWcknjKxPjTknTDQTy7BPjDvuhwhsHmdn1EVPAEdmiY3nyP6syDvPjndm1bLmhNYnkDQnHbQPjTvP19OPHbYnWD3PjbvTHDQrHDYnjmLrjbdnWcOnHN1nW9KTHEzrjcKnEDQsWTKTiYKTE7CIZwk01CfsvFJsWN3shPfUiqkpyOkmy-MUvOMXgNf0A3fnHbf5vdGUMKzpyP-5HcknjKxPjTknTDKnHD1sWDkra3QrjE8rjcKnTDkTHD8nTDQsjEzrjcKXLYKnHTknjmKnHTknj9dnED3PjmOmWFbnad6PHmQsHELmW9VmHTYPzY3uyNknW0OmWP-mWbKTHTKTEDkTEDkTH-6uW6hnAc1nH7bnjbduWD&tid=8469b2d0-a561-47b8-a047-8ee0279b3eb9&slotid=1000851&productid=10006&bizresource=0&extParam=%7B%22ppgy_stats%22%3A%7B%22pageSource%22%3A%22%22%2C%22resource%22%3A%2258%22%2C%22abVersion%22%3A%22%22%7D%7D
【整租】乐乎社区 青塔 乐乎公寓五棵松,青塔,"
                            j                        ",https://legoclick.58.com/cpaclick?target=szqBpB3draOWUvYf0A-80A7Guvq8uL-ds1EQn19QnH0zPW91PjTvXaO1pZwVUT7bsH0LmWwbmvPBsHnknvnVPAR6uidBPHFhsHRWnjK6mvNYnWP-PTDYnWcLrHDdnjEQnHc3nkDKPjD1rjDQP1cvrjnYnjmKPWTknjTkTHmknjTknTDLnjD1PTDQTHDdrjn1rH9vPWTvrjTKPHTKwbnV0AnVUA-1IAQ-uMEKnEDznTDKsHDKTHcYrHD1PjEdPjELPH03PTDkTHDQnWc3rWcknjKxPjTknTDQTH6hujb1m1nYsyDOPvDVPjNvuad6nHcYsHuWP1u6mhEYrH0dP9DQnWndnjndPWDLPWEQrHTvnH0vTHDzn1Nkn1NvnH0dP19OrHDvnHmKTHEzrjcKnEDQsWTKTiYKTE7CIZwk01CfsvFJsWN3shPfUiqkpyOkmy-MUvOMXgNf0A3fnWTf5vdGUMKzpyP-5HcknjKxPjTknTDKnHD1sWDkra3QrjE8rjcKnTDkTHD8nTDQsjEzrjcKXLYKnHTknjmKnHTknj9dnE7WuADYn1NQnidbujPWsHEOPhnVmHDQPBdhnH-BnjcdnH0YnH0KTHTKTEDkTEDkTHn1njN1nhnOnWTdP16BP1n&tid=cda43511-dd3c-496c-a116-f19b02517417&slotid=1000851&productid=10006&bizresource=0&extParam=%7B%22ppgy_stats%22%3A%7B%22pageSource%22%3A%22%22%2C%22resource%22%3A%2258%22%2C%22abVersion%22%3A%22%22%7D%7D
【整租】乐乎社区 双桥 绿丰一店,双桥,"
                            j                            -
                            j                        ",https://legoclick.58.com/cpaclick?target=szqBpB3draOWUvYf0A-80A7Guvq8uL-ds1EQn1bYPj93PWE1PH9vXaO1pZwVUT7bsH0LnvmOrHE3sHEdn1NVPAuBmidBrymvsyubrH9zryD1PHRBmkDYnWcLrHDdnjEQnHc3nkDKPjD1rHEYrj9vPjndrjmKPWTknjTkTHD1nTDLnjD1PTDQTHDdrjn1rH9vPWc1PHnKPHTKwbnV0AnVUA-1IAQ-uMEKnEDznEDKsHDKTHcYrHD1PjEdPjELPH03PTDkTHDQnWc3rWcknjKxPjTknTDQTHDYrj-BuWPWsyczP1TVPAnOmzd6PHIBsHEdPADYPyNvrAEzuEDQnWndPj0QrHNdnjT3P1TkPjDvTHDzn1NYP1DOPHEOPjNLrjN3PHmKTHEzrjcKnEDQsWTKTiYKTE7CIZwk01CfsvFJsWN3shPfUiqkpyOkmy-MUvOMXgNf0A3fnWDf5vdGUMKzpyP-5HcknjKxPjTknTDKnHD1sWDkra3QrjE8rjcKnTDkTHD8nTDQsjEzrjcKXLYKnHTknjmKnHTknj9dnE7-myNQuWb1ridbujm3sHE1mhmVmHTduiYQPW93uyNzP1DdPjmKTHTKTEDkTEDkTHKWrADzP1ELnyD3nHELmvE&tid=eae1f939-dd68-43bf-a05e-1688ee271546&slotid=1000851&productid=10006&bizresource=0&extParam=%7B%22ppgy_stats%22%3A%7B%22pageSource%22%3A%22%22%2C%22resource%22%3A%2258%22%2C%22abVersion%22%3A%22%22%7D%7D
【整租】条玛青年社区 双桥 双桥优选,双桥,"
                                                    ",https://legoclick.58.com/cpaclick?target=szqBpB3draOWUvYf0A-80A7Guvq8uL-ds1EQn191njD1njb1nWNzXaO1pZwVUT7bsyuhn101njTzsHuBrj0VPjNQradBPHNQsyDznHKWP1Eknj0LmEDLPWE1P1c3P1DYP1NOTEDYnHn3n1TQn1TOn1cdn9DvnjTknjTKPWTknjTkTH0knHnYTHDKnHN3n1nOrjmvn1bkrTDdnT7AEzdkmzd_pgPYUARhITDQTHczTEDVnEDKnHDdnW9dPjTLPHcvrjmLn1N1P9DkTHDQnWc3rWcknjKxPjTknTDQTHFhPHT3PycdsycLrj9VPjNLPiYOmHNQsHI6n1Dzn1nYnvFWuEDQnWndnjbdrHcYn1NOrjNvnHcOTHDzn1NkrHNOnWEzrHcLn1T3rjTKTHEzrjcKnEDQsWTKTiYKTE7CIZwk01CfsvFJsWN3shPfUiqkpyOkmy-MUvOMXgNf0A3fnWcf5vdGUMKzpyP-5HcknjKxPjTknTDKnHD1sWDkra3QrjE8rjcKnTDkTHD8nTDQsjEzrjcKXLYKnHTknjmKnHTknj9dnED1nyD3rjIhPBYYPH6-sHEOnyDVmhnQuBd-rjwWPWTdPhE1PHcKTHTKTEDkTEDkTy7hPH-bPjwWrHbvPWnzuHD&tid=31a887f6-458e-491a-bc1f-e84c6056d352&slotid=1000851&productid=10006&bizresource=0&extParam=%7B%22ppgy_stats%22%3A%7B%22pageSource%22%3A%22%22%2C%22resource%22%3A%2258%22%2C%22abVersion%22%3A%22%22%7D%7D
【整租】定福庄 三间房南里号院 室厅,三间房南里号院,"
                                                    ",https://legoclick.58.com/cpaclick?target=szqBpB3draOWUvYf0A-80A7Guvq8uL-ds1EQn19Ln19znW93rHczXaO1pZwVUT7bsHK-nAmLm1EzsHKWn10VPjIWmBY3PjnzsycOPhndn1NLnvNdnTD1rHnQnHbzn1DvnH9LrEDKPjD1rj01rjczrj9OnWcKPWTknjTkTHmknjTknTDLnjD1PTDQTHDdrjn1rH9vPWNYPW0KPjEKwbnV0AnVUA-1IAQ-uMEKnEDznkDKsHDKTHDQrjE1n1TOnHbLrHcvnHbdnWTKnTDQnHczrjCznjTkg1EknjTKnEDQuWDduHbYuad6rAnOsHEQnvcVrH-WnzdBn1--PA7bnHRhPAnKnHc1PHc1rHTOPjnLnWNvPjbOn9DQnWndnWnOnjbYn1TOPWNkPjnzTEDYnW9zTHDKTEDVTEDKpZwY0ZnlszqBpB3draOWUvYf0A-80A7Guvq8uL-dsLK8s1c1s1qVpyOk0h-WuHYznjTkg1EknjTKTHDQnz3Qnj98nH9YsW9zTHTKnTDKnikYnW9zTgVqTHDknjTvTHDknjT3PHDKPvnduWDdn1EVPWckPBYYnjcdsHbOmHEVPH--PjK6rAndPjcYTEDkTEDKnTDKnTDQPjPWnAn1rjDdPWm1uyD1&tid=7c5f1534-6206-4025-99a4-59e40a8c5424&slotid=1000851&productid=10006&bizresource=0&extParam=%7B%22ppgy_stats%22%3A%7B%22pageSource%22%3A%22%22%2C%22resource%22%3A%2258%22%2C%22abVersion%22%3A%22%22%7D%7D
【合租】物资学院路 新建村 室主卧,新建村,"
                            q                        ",https://legoclick.58.com/cpaclick?target=szqBpB3draOWUvYf0A-80A7Guvq8uL-ds1nOnjT1P10knWmYrH0OXaO1pZwVUT7bsHD1PWNvn1DYsHI-uyEVPAnLmzdBmvNzsH91mHb3n1Rhmhn3m9Dvn1cYPHm1nHEvnjDknEDKn1bknjnLP1TzPWEOP1bKPWTknjTkTHmknjTknTDLnjD1PTDQTHDdrjn1rH9vPW0dnW0KPHTKwbnV0AnVUA-1IAQ-uMEKnEDzPTDKsHDKTHDQnWnkPWNYrHc3P19QPj0drjEKnTDQnHczrjCznjTkg1EknjTKnEDLm1bduj9LPiYzuWbLsHEYPHDVmhRbmBYOrjn3m1KBP1uBPHbKnHDdP1D1nW9OPHTQPjnvP1c1n9DQnHNLnHnzrjbYrHNdPWEvrH0vTEDYnW9zTHDKni3kTEDVTEDKpZwY0ZnlszqBpB3draOWUvYf0A-80A7Guvq8uL-dsLK8s1cYs1qVpyOk0h-WuHYznjTkg1EknjTKTHDQnz3Qnj98nH9YsW9zTHTKnTDQsWTKnikYnW9zTgVqTHDknjTvTHDknjT3PHDKnvnOmW66PHnVnju-naYYnWDQsH9dujmVrj6BPy76uW-WPvc1TEDkTEDKnTDKnT7-nj9LPAnduWbznA76PW9z&tid=3c9b8a53-06e0-4211-85d6-88b5aaf9c7b3&slotid=1000851&productid=10006&bizresource=0&extParam=%7B%22ppgy_stats%22%3A%7B%22pageSource%22%3A%22%22%2C%22resource%22%3A%2258%22%2C%22abVersion%22%3A%22%22%7D%7D
【整租】小红门 江南文化创意园 室厅,江南文化创意园,"
                            q鸺j                        ",https://legoclick.58.com/cpaclick?target=szqBpB3draOWUvYf0A-80A7Guvq8uL-ds1EQn19YrjDYrjNQPWc1XaO1pZwVUT7bsynOnjIBmvn1syPhrjEVPjw6nad6mvmYsHKBrjF-uWmQP1Edn9D1rHnQnHbzn1DvnH9LrEDKPjD1rjE3nHE3PHDvnWnKPWTknjTkTHD1nTDLnjD1PTDQTHDdrjn1rH9vPWbkP1DKPHTKwbnV0AnVUA-1IAQ-uMEKnEDzPEDKsHDKTHDQrjE1n1TOnHbLrHcvnHbdnWTKnTDQnHczrjCznjTkg1EknjTKnEDLuWFhmvNvniYLujbLsHELPjcVmWRBuaYOmWKbmycdmvmdPjEKnHc1PHDdPjbvPjcvn10vn1bvrTDQnWndnHNYrHm1rH0knHEvn1TYTEDYnW9zTHDKni3kTEDVTEDKpZwY0ZnlszqBpB3draOWUvYf0A-80A7Guvq8uL-dsLK8s1cds1qVpyOk0h-WuHYznjTkg1EknjTKTHDQnz3Qnj98nH9YsW9zTHTKnTDQsWTKnikYnW9zTgVqTHDknjTvTHDknjT3PHDKmHIhujubmWTVuHcQPzYYnjcdsy7BPj9VnHwhnhDYPjnzmhDzTEDkTEDKnTDKnTDdnjEzmHbkPj0OnyFbuyu6&tid=a7fd6db0-e217-4025-ab48-14f2a4432ba2&slotid=1000851&productid=10006&bizresource=0&extParam=%7B%22ppgy_stats%22%3A%7B%22pageSource%22%3A%22%22%2C%22resource%22%3A%2258%22%2C%22abVersion%22%3A%22%22%7D%7D
【整租】玉桥 乔庄东区 室厅,乔庄东区,"
                            qcj                        ",https://legoclick.58.com/cpaclick?target=szqBpB3draOWUvYf0A-80A7Guvq8uL-ds1nOn191PHTkP19kn1T1XaO1pZwVUT7bsHbOnj-bnjELsHmOnvnVPAEzPzdBuyPWsH9duju6PWIbPyR6mkDYnWNzPW9dn9DKn1b1rjndnjTLrjT1njnKPWTknjTkTHmknjTknTDLnjD1PTDQTHDdrjn1rH9vP1Tvrj9KPHTKwbnV0AnVUA-1IAQ-uMEKnEDzP9DKsHDKTHcdnjN1PHN1rHNOrHnLP9DkTHDQnWc3rWcknjKxPjTknTDQTHwWrjNkmWRWsHDLnvnVPjnknaY3uhEdsHEvPHE3P1uhuHF6nTDQnHmOPH0drHTYPj01PHcvnW0zTHDQPWbdP1NOnjE1rjbvPjEzrHTKTHEzrjcKnEDQsWTKTiYKTE7CIZwk01CfsvFJsWN3shPfUiqkpyOkmy-MUvOMXgNf0A3fnWmf5vdGUMKzpyP-5HcknjKxPjTknTDKnHD1sWDkra3QrjE8rjcKnTDkTHD8nTDQsjEzrjcKXLYKnHTknjmKnHTknj9dnEDvmW-hnhmQPadBPhnOsHwBrj9VrymdPzYLPyuBPyN1uW9LmH9KTHTKTEDkTEDkTyDLmvPhnWwhnWIBPyDvnAc&tid=6b9f2f14-b6c9-4b88-9f57-75fb5e3f87a8&slotid=1000851&productid=10006&bizresource=0&extParam=%7B%22ppgy_stats%22%3A%7B%22pageSource%22%3A%22%22%2C%22resource%22%3A%2258%22%2C%22abVersion%22%3A%22%22%7D%7D
【合租】崇文门 新景家园(西区) 室次卧,新景家园(西区),"
                            q                        ",https://legoclick.58.com/cpaclick?target=szqBpB3draOWUvYf0A-80A7Guvq8uL-ds1EQn1bzPjcLPHm3PW0LXaO1pZwVUT7bsH0zuHcQmHTksH9vPWDVPjm1naY3uy7-sHELmHTQmvn3ujNQmkDdrjT1nHNOPjT1nHm1PTDKPjD1rHcYnW0dPW9vP10KPWTknjTkTHmknjTknTDLnjD1PTDQTHDdrjn1rH9vP1c1nHbKPHTKwbnV0AnVUA-1IAQ-uMEKnEDzPkDKsHDKTHcdPjc1PW0vnjnLrHEQP9DkTHDQnWc3rWcknjKxPjTknTDQTHTznynOuWDOsyw6njbVPAcYPidBrAnOsycdPHN1n1cknHcOnTDQnWndPjTYPjDLPW91rHm1rHTYTHDzn1NYnjEYnH0dP1bQnjm1njEKTHEzrjcKnEDQsWTKTiYKTE7CIZwk01CfsvFJsWN3shPfUiqkpyOkmy-MUvOMXgNf0A3fnW0f5vdGUMKzpyP-5HcknjKxPjTknTDKnHD1sWDkra3QrjE8rjcKnTDkTHD8nTDQsjEzrjcKXLYKnHTknjmKnHTknj9dnE76nj0drjKbmBdbPHb3sHw-uWDVmyFBPaYQmH9kuWK-Pv76P1nKTHTKTEDkTEDkTHcLPH7hmWTQujF6PjcOnWT&tid=a07580db-d598-4ef1-abb4-1a80f0e7aa73&slotid=1000851&productid=10006&bizresource=0&extParam=%7B%22ppgy_stats%22%3A%7B%22pageSource%22%3A%22%22%2C%22resource%22%3A%2258%22%2C%22abVersion%22%3A%22%22%7D%7D
【整租】青塔 青塔西里 室厅,青塔西里,"
                                                    ",https://legoclick.58.com/cpaclick?target=szqBpB3draOWUvYf0A-80A7Guvq8uL-ds1EQn1bYn1c1nH0YP19OXaO1pZwVUT7bsHT3PWKbPWN1sHI6m1mVPAmkuidBuW-hsHuWrHbkuHDvrj--uED1rHnQnHbzn1DvnH9LrEDKPjD1rHE1nWnQP1ELrjbKPWTknjTkTHmknjTknTDLnjD1PTDQTHDdrjn1rH9vP1n3PjcKPHTKwbnV0AnVUA-1IAQ-uMEKnEDzrTDKsHDKTHDQrjE1n1TOnHbLrHcvnHbdnWTKnTDQnHczrjCznjTkg1EknjTKnE7hPhD3PjEvridhnH03sHEdPhDVrAc3mBYLnAwBnW-WnH76PHTKnHc1PHEvPWN1n1DYnjbLnHNznTDQnWndPjmvPHn1nj9znWNQnWmYTEDYnW9zTHDKni3kTEDVTEDKpZwY0ZnlszqBpB3draOWUvYf0A-80A7Guvq8uL-dsLK8s1c3s1qVpyOk0h-WuHYznjTkg1EknjTKTHDQnz3Qnj98nH9YsW9zTHTKnTDQsWTKnikYnW9zTgVqTHDknjTvTHDknjT3PHDKuyNLuAnQPWDVPhELraYYPyRBsH6-uANVPhmdPA7hm1b3myPhTEDkTEDKnTDKnTDdP1whmhDduj0YP10OnWu-&tid=ee7dc161-6d78-45eb-8ede-6f54afc98acf&slotid=1000851&productid=10006&bizresource=0&extParam=%7B%22ppgy_stats%22%3A%7B%22pageSource%22%3A%22%22%2C%22resource%22%3A%2258%22%2C%22abVersion%22%3A%22%22%7D%7D
【合租】小红门 鸿博家园(二期A q室次卧,鸿博家园(二期A,"
                            鸺                        ",https://legoclick.58.com/cpaclick?target=szqBpB3draOWUvYf0A-80A7Guvq8uL-ds1n3P1NznWDLn1mzrjnkXaO1pZwVUT7bsHP6ujbdn1NOsHubnhNVPjFBnBYOnAnLsH0kPvwhnj7brHP6PkDdnjTvP19QnjTOPWmdrTDKn19LPHcznH01PWc3n1TKPWTknjTkTHD1nTDLnjD1PTDQTHDdrjn1rH9vP1N1P1cKPHTKwbnV0AnVUA-1IAQ-uMEKnEDzrEDKsHDKTHcdnHcQn1nkrHnLrjN3PTDkTHDQnWc3rWcknjKxPjTknTDQTHTduWK6nWTLsHnznjcVPjEvPaY3nW0LsHmQuj9Qm1NvPW9vP9DQnHE3rjbknjTOPHT3PHcYnjnzTHDQPj93rHTknjbYPjDYnHNQPW9KTHEzrjcKnEDQsWTKTiYKTE7CIZwk01CfsvFJsWN3shPfUiqkpyOkmy-MUvOMXgNf0A3fnWbf5vdGUMKzpyP-5HcknjKxPjTknTDKnHD1sWDkra3QrjE8rjcKnTDkTHD8nTDQsjEzrjcKXLYKnHTknjmKnHTknj9dnE7WrH91nHF6uiYzrjnOsHwBPycVrHIBPzd6mHmOuhFhuWDznvEKTHTKTEDkTEDkTHcQPyw6uWT1nAcQPjDdmWD&tid=c98312ae-2839-4b5b-97b7-aa69fbff123d&slotid=1000851&productid=10006&bizresource=0&extParam=%7B%22ppgy_stats%22%3A%7B%22pageSource%22%3A%22%22%2C%22resource%22%3A%2258%22%2C%22abVersion%22%3A%22%22%7D%7D
【整租】十里河 新农创大厦 室厅,新农创大厦,"
                            q                        ",https://legoclick.58.com/cpaclick?target=szqBpB3draOWUvYf0A-80A7Guvq8uL-ds1EQn19znH9znHmkn1bkXaO1pZwVUT7bsymvPWnYmH03sHKhuH9VPjDkPBd6nhwBsHmQrHR-uWR6rH0Om9D1rHnQnHbzn1DvnH9LrEDKPjD1rjcQrjcQPWT1rHTKPWTknjTkTHmknjTknTDLnjD1PTDQTHDdrjn1rH9vP1mOnHDKPHTKwbnV0AnVUA-1IAQ-uMEKnED1nTDKsHDKTHDQrjE1n1TOnHbLrHcvnHbdnWTKnTDQnHczrjCznjTkg1EknjTKnED3uW0km1-WraYOPWI-sHwWrynVrAmvPaY3PW9knHbvmvmYuj9KnHc1PHTvrjmOPWDzrHEdPjT3nTDQnWndnjm3PWbvnjmvPHnOPHckTEDYnW9zTHDKni3kTEDVTEDKpZwY0ZnlszqBpB3draOWUvYf0A-80A7Guvq8uL-dsLK8s1nks1qVpyOk0h-WuHYznjTkg1EknjTKTHDQnz3Qnj98nH9YsW9zTHTKnTDQsWTKnikYnW9zTgVqTHDknjTvTHDknjT3PHDKm1DQPjNdmHTVrjIbPzYYPW-Bsyc3uAcVmhEOPjT1mHTdnycdTEDkTEDKnTDKnT76nj0LnWb1nyRbPjnkrjnd&tid=c11455a0-87d7-469b-b8db-bd9403a051b5&slotid=1000851&productid=10006&bizresource=0&extParam=%7B%22ppgy_stats%22%3A%7B%22pageSource%22%3A%22%22%2C%22resource%22%3A%2258%22%2C%22abVersion%22%3A%22%22%7D%7D
【整租】乐乎社区 定福庄 传媒大学店,定福庄,"
                            q                            -
                                                    ",https://legoclick.58.com/cpaclick?target=szqBpB3draOWUvYf0A-80A7Guvq8uL-ds1EknjmOnjTLrHbvPjn3XaO1pZwVUT7bsyFbrHmknHmOsyEOP10VPAczPaY3mhNksyDOPvD1m17WujP6n9DYnWcLrHDdnjEQnHc3nkDKPjTkPWbknj0OrHmYn19KPWTknjTkTHmknjTknTDLnjD1PTDQTHDdrjn1rH9vP19dn1NKPHTKwbnV0AnVUA-1IAQ-uMEKnED1nEDKsHDKTHcYrHD1PjEdPjELPH03PTDkTHDQnWc3rWcknjKxPjTknTDQTHTLPH01rHu6sHNOPhNVPAF-mBd6m1E3sycYuhwbmHT3uWTOPEDQnHbznjn3PWTYrjcvP1Ndnj0zTHDQrHckn19vnjELPW9kPHDznjTKTHEzrjcKnEDQsWTKTiYKTE7CIZwk01CfsvFJsWN3shPfUiqkpyOkmy-MUvOMXgNf0A3fn1Df5vdGUMKzpyP-5HcknjKxPjTknTDKnHD1sWDkra3QrjE8rjcKnTDkTHD8nTDQsjEzrjcKXLYKnHTknjmKnHTknj9dnED1PhDQnv76mBdBPADvsHEQPj9VmWwBniYvm1cLPH9kmWbvuWcKTHTKTEDkTEDkTHw6PjKbmHmQPH0vP1TknAn&tid=36a13aab-b4a6-4148-b4b1-6c27580b96f2&slotid=1000851&productid=10006&bizresource=0&extParam=%7B%22ppgy_stats%22%3A%7B%22pageSource%22%3A%22%22%2C%22resource%22%3A%2258%22%2C%22abVersion%22%3A%22%22%7D%7D
【整租】青遇home 双桥 轻遇大地文苑,双桥,"
                            jq                            -
                            cc                        ",https://legoclick.58.com/cpaclick?target=szqBpB3draOWUvYf0A-80A7Guvq8uL-ds1nOrjbOnjT3PWEknjc3XaO1pZwVUT7bsHPhnymkmWb3sHKhrj9VPjK-nBYOm1u-syDLnH0dnAEYmW9vm9DYPjmLPjTOnHbkrjm1nTDKn1b3rHbknj9vPjTknW9KPWTknjTkTHEYrjEvnEDLnjD1PTDQTHDdrjn1rH9vrjT1njbKPHTKwbnV0AnVUA-1IAQ-uMEKnED1n9DKsHDKTHcYrHDQPHDYrHTvPWcvPTDkTHDQnWc3rWcknjKxPjTknTDQTynvPWPWmhRbsHK6PHTVPjbzraY3nyDOsyDOnW-WP16Wrj6-nEDQnH9vPjm3njmvnj9LPWbYn1nvTHDQrjmYPW9kPWmknW9OP1EkrjTKTHEzrjcKnEDQsWTKTiYKTE7CIZwk01CfsvFJsWN3shPfUiqkpyOkmy-MUvOMXgNf0A3fn1cf5vdGUMKzpyP-5HcknjKxPjTknTDKnHD1sWDkra3QrjE8rjcKnTDkTHT8njD3Pj9LPjnLrHNvn1nYPWcdTHD_Pjc3n97exEDQnjTkP9DQnjTkrjNQTH6-ujKWPyE3syP-P19VPjRhnzYOrHK6symvmhnQPhc3nW66u9DKnTDKTHTKTHTKnW9kPhmQPvPWn1R6PHu-nT&tid=8ed0c5d8-ce78-45f3-990a-f6bc16b828af&slotid=1000851&productid=10006&bizresource=0&extParam=%7B%22ppgy_stats%22%3A%7B%22pageSource%22%3A%22%22%2C%22resource%22%3A%2258%22%2C%22abVersion%22%3A%22%22%7D%7D
【整租】沙河 巩华家园南一村 室厅,巩华家园南一村,"
                                                    ",https://legoclick.58.com/cpaclick?target=szqBpB3draOWUvYf0A-80A7Guvq8uL-ds1EQn19vrjDknH03n1ndXaO1pZwVUT7bsym3uhmvmWb1syRbnhEVPj-hPBYOuynQsycdmHTvrAuWmWRhrTDvPj01njN3PWNYPHbzrTDKPjD1rjm3nHTQP191n1NKPWTknjTkTHD1nTDLnjD1PTDQTHDdrjn1rH9vrjckPHnKPHTKwbnV0AnVUA-1IAQ-uMEKnED1nkDKsHDKTHDQPj0knH9kn19Ln1TdP1DLP1mKnTDQnHczrjCznjTkg1EknjTKnE7bnjIbnWEvPaY1PjwBsHEzPvnVmHFWPBY3PHbkmhF6PHKbrAcKnHc1PHcznjnYPWbzPjD3P1mYrTDQnWndnWckn1EvrjDdnHNznHc3TEDYnW9zTHDKni3kTEDVTEDKpZwY0ZnlszqBpB3draOWUvYf0A-80A7Guvq8uL-dsLK8s1n1s1qVpyOk0h-WuHYznjTkg1EknjTKTHDQnz3Qnj98nH9YsW9zTHTKnTDYsWndPWmzn1cOPWmzn1cYPWw7sHEKnikYnW9zTgVqTHDknjTvTHDknjT3PHDKmvDOmhRBm1EVPW-bmBYYnyP6sHbLujnVrH7BnhFWujNLuhcvTEDkTEDKnTDKnTDzn1nYPhF6PWcdnvu-rycv&tid=ca9bebc4-69db-41ca-97d3-91b2bcd57fb6&slotid=1000851&productid=10006&bizresource=0&extParam=%7B%22ppgy_stats%22%3A%7B%22pageSource%22%3A%22%22%2C%22resource%22%3A%2258%22%2C%22abVersion%22%3A%22%22%7D%7D
【整租】东坝 北京城建福润四季 室厅,北京城建福润四季,"
                                                    ",https://legoclick.58.com/cpaclick?target=szqBpB3draOWUvYf0A-80A7Guvq8uL-ds1EQn19zPW91rj03njEkXaO1pZwVUT7bsHELnvw6mvnOsHwBrj0VPj66nid6uWDLsHNkmW9zn1NYPHI6nTDvPWnLnWcLnHTYPWb1nTDKPjD1rjcvrjn3P19kPjTKPWTknjTkTHnvrjTknEDLnjD1PTDQTHDdrjn1rH9vrjnvPHDKPHTKwbnV0AnVUA-1IAQ-uMEKnED1PTDKsHDKTHDQP1EQnWbQrjnOnjnLnWndnWTKnTDQnHczrjCznjTkg1EknjTKnEDLnH7BnjwWridhrAPWsHw-rH9Vmh76miYLnjcknh7BnANkm1EKnHc1PHT3PHD1PWEvn1DdnHDkPEDQnWndnj9dnHnvn1bvnjEznWEkTEDYnW9zTHDKni3kTEDVTEDKpZwY0ZnlszqBpB3draOWUvYf0A-80A7Guvq8uL-dsLK8s1nYs1qVpyOk0h-WuHYznjTkg1EknjTKTHDQnz3Qnj98nH9YsW9zTHTKnTDksWTknHNQP1cdrHmznHc1PW9zP1EKnikYnW9zTgVqTHDknjTvTHDknjT3PHDKn1Dknhu-nWnVrjTvriYYryNQsH93uyNVPhRBmyNzrjnYryEkTEDkTEDKnTDKnT76nAcQnvD3rj0zPvwBP1b1&tid=3102fe23-8069-49e1-88ee-6ebae28349d0&slotid=1000851&productid=10006&bizresource=0&extParam=%7B%22ppgy_stats%22%3A%7B%22pageSource%22%3A%22%22%2C%22resource%22%3A%2258%22%2C%22abVersion%22%3A%22%22%7D%7D
【整租】乐乎社区 丰台体育馆 乐乎七里庄店,丰台体育馆,"
                            qc                            -
                            q鸺                        ",https://legoclick.58.com/cpaclick?target=szqBpB3draOWUvYf0A-80A7Guvq8uL-ds1EknjbknH0zPW0QnjT1XaO1pZwVUT7bsyPhnH0YPAm3sHFBnAmVPAP-niYOuhFhsH0QuhmQmHRBPhcQrEDYnWcLrHDdnjEQnHc3nkDKPjTkrHTQP1cvP1DknjnKPWTknjTkTHmknjTknTDLnjD1PTDQTHDdrjn1rH9vrjNQrH9KPjbKwbnV0AnVUA-1IAQ-uMEKnED1PEDKsHDKTHcYrHD1PjEdPjELPH03PTDkTHDQnWc3rWcknjKxPjTknTDQTHDzPWmdrHmQsyu6nH9VPjmzPidBnH6WsyDLuhEOmHTkPWTQm9DQnHbzP1nznHcOnj93nWN3njE3THDQrHcLn1cQnWbknWN1PHb3P1cKTHEzrjcKnEDKTiYKTE7CIZwk01CfsvFJsWN3shPfUiqkpyOkmy-MUvOMXgNf0A3fn1Nf5vdGUMKzpyP-5HcknjKxPjTknTDKnHD1sWDkra3QrjE8rjcKnTDkTEDQsjEzrjcKXLYKnHTknjmKnHTknj9dnE7BPhDYrAnLuBYYnWb3sHwbujEVrARWuidWPWPhnvDvry7-PAnKTHTKTEDkTEDkTH-BmHcOmHbduyRWuAEYrym&tid=b6a48c7f-4298-4dd4-8ece-c63f3a69ae4c&slotid=1000851&productid=10006&bizresource=0&extParam=%7B%22ppgy_stats%22%3A%7B%22pageSource%22%3A%22%22%2C%22resource%22%3A%2258%22%2C%22abVersion%22%3A%22%22%7D%7D
【整租】乐乎社区 高米店 星光影视园店,高米店,"
                            鸺j                            -
                            qj                        ",https://legoclick.58.com/cpaclick?target=szqBpB3draOWUvYf0A-80A7Guvq8uL-ds1EknjmLnWD3Pj0YP19LXaO1pZwVUT7bsH0LPWRWPHnksyNzuynVPjmvmBYOnAnQsyRWP1ndnHD1njN1PTDYnWcLrHDdnjEQnHc3nkDKPjTkPW0znH9YP1ELrj0KPWTknjTkTHN1nj9On9DLnjD1PTDQTHDdrjn1rH9vrjm3nH9KPHTKwbnV0AnVUA-1IAQ-uMEKnED1P9DKsHDKTHcYrHD1PjEdPjELPH03PTDkTHDQnWc3rWcknjKxPjTknTDQTHnQmywhmHD3symdrAnVPADQnzdBujTQsHRWPAE3m1Fhm1K6PTDQnHbQrH0OrHmvnWDLnj0vP1nvTHDQrHDOP1bOPWmQPHEQPWcQP1mKTHEzrjcKnEDQsWTKTiYKTE7CIZwk01CfsvFJsWN3shPfUiqkpyOkmy-MUvOMXgNf0A3fn1mf5vdGUMKzpyP-5HcknjKxPjTknTDKnHD1sWDkra3QrjE8rjcKnTDkTHT8njTzrjNOnHTknHnvPjD3nH0YnkDQsjEzrjcKXLYKnHTknjmKnHTknj9dnEDduW9Qrj91PiY3uWuWsHEOPWTVmhPBPBYYnWRWnWELuj93nvEKTHTKTEDkTEDkTHEvrju6PjmYrj9knW-6Pym&tid=5f818835-8f6c-4960-bcb6-425c247d883d&slotid=1000851&productid=10006&bizresource=0&extParam=%7B%22ppgy_stats%22%3A%7B%22pageSource%22%3A%22%22%2C%22resource%22%3A%2258%22%2C%22abVersion%22%3A%22%22%7D%7D
【整租】条玛青年社区 劲松 双井劲松店,劲松,"
                            q                            -
                            q                        ",https://legoclick.58.com/cpaclick?target=szqBpB3draOWUvYf0A-80A7Guvq8uL-ds1EQn1bzn1mOnjmOPWTdXaO1pZwVUT7bsyN1nvELmHELsHmYuhEVPAFWPBY3n193sHwBnHNdPhmzPyR-nTDLPWE1P1c3P1DYP1NOTEDYnHnOnWnvrHTvrHmkPEDvnjTknjTKPWTknjTkTH0knHnYTHDKnHN3n1nOrjm3rjEdrEDYnE7AEzdkmzd_pgPYUARhITDQTHnLTEDVnEDKnHDdnW9dPjTLPHcvrjmLn1N1P9DkTHDQnWc3rWcknjKxPjTknTDQTHFhuAnkmW6BsHNLP1NVPAnLriY3nHKBsHEYnWR6uHKhnHubmkDQnWndPjTzPHTkrjTLn1EYnHc3THDzn1NYnjcdnjTLn1mkPH01PjEKTHEzrjcKnEDKTiYKTE7CIZwk01CfsvFJsWN3shPfUiqkpyOkmy-MUvOMXgNf0A3fn10f5vdGUMKzpyP-5HcknjKxPjTknTDKnHD1sWDkra3QrjE8rjcKnTDkTEDQsjEzrjcKXLYKnHTknjmKnHTknj9dnE7bujndmhEvuiYYmHF6sHEYnycVrHRbradBn1NkP1uWuAD3Pj9KTHTKTEDkTEDkTHwbnhc3nH9zP1E1PWPWnAE&tid=dd35bd6e-4a2a-441b-95d8-b35076cda848&slotid=1000851&productid=10006&bizresource=0&extParam=%7B%22ppgy_stats%22%3A%7B%22pageSource%22%3A%22%22%2C%22resource%22%3A%2258%22%2C%22abVersion%22%3A%22%22%7D%7D
【整租】小红门 鸿博家园六区 室厅,鸿博家园六区,"
                            q                        ",https://legoclick.58.com/cpaclick?target=szqBpB3draOWUvYf0A-80A7Guvq8uL-ds1EQn19Yrj9Qn1ELnWnzXaO1pZwVUT7bsHTvrj01mHEvsyNvnhnVPjTLnzY3ryNksHwhnj66PHKWuhm1u9D1rHnQnHbzn1DvnH9LrEDKPjD1rjE3rjD1Pj0zn1cKPWTknjTkTHN3nHbLrEDLnjD1PTDQTHDdrjn1rH9vrHTQnjcKPHTKwbnV0AnVUA-1IAQ-uMEKnED1rTDKsHDKTHDQrjE1n1TOnHbLrHcvnHbdnWTKnTDQnHczrjCznjTkg1EknjTKnEDYmvPWnjKhPBYvnhRhsHwhnW9VmH93naYkuj0Ym1TOnAmLnHEKnHc1PHDdP1DYn1EQnjcQnW9vPTDQnWndnHNLnHE1nHDvPHbdnWTkTEDYnW9zTHDKni3kTEDVTEDKpZwY0ZnlszqBpB3draOWUvYf0A-80A7Guvq8uL-dsLK8s1n3s1qVpyOk0h-WuHYznjTkg1EknjTKTHDQnz3Qnj98nH9YsW9zTHTKnTDksWTknH9zn1bvP1bYPjmvn1bznEDQsjEzrjcKXLYKnHTknjmKnHTknj9dnE7bnHnLrHcdPiYdnhFWsHw-mHcVrAF-raYOnWNdnvDQrAEznymKTHTKTEDkTEDkTHnQn1-buWcYmWKBmWIhnHD&tid=d1379255-52bc-4ea2-8be8-92553a18d21f&slotid=1000851&productid=10006&bizresource=0&extParam=%7B%22ppgy_stats%22%3A%7B%22pageSource%22%3A%22%22%2C%22resource%22%3A%2258%22%2C%22abVersion%22%3A%22%22%7D%7D
【整租】乐乎社区 昌平县城 乐乎昌平店,昌平县城,"
                                                    ",https://legoclick.58.com/cpaclick?target=szqBpB3draOWUvYf0A-80A7Guvq8uL-ds1EQn1b1PWDQP1mzP1DvXaO1pZwVUT7bsyRhrADdPyuBsHKBPj9VPAmQPaYOPh7WsHNknWDvP1R6rj66rEDYnWcLrHDdnjEQnHc3nkDKPjD1rHnvnHDLPWcLnHmKPWTknjTkTHmknjTknTDLnjD1PTDQTHDdrjn1rH9vrHDLnjNKPjnKwbnV0AnVUA-1IAQ-uMEKnED1rEDKsHDKTHcYrHD1PjEdPjELPH03PTDkTHDQnWc3rWcknjKxPjTknTDQTH9LujRBrAu-syEzPyEVPj--uBdBryN1sHN3PjNkP1PbnWI-PTDQnWndPjE1nWcQPWE1rHNznHc3THDzn1NYPjnznWDdrH0LrH9YnjTKTHEzrjcKnEDKTiYKTE7CIZwk01CfsvFJsWN3shPfUiqkpyOkmy-MUvOMXgNf0A3fn1bf5vdGUMKzpyP-5HcknjKxPjTknTDKnHD1sWDkra3QrjE8rjcKnTDkTEDQsjEzrjcKXLYKnHTknjmKnHTknj9dnE7-PHPWrjDQPiYdmWb1sHEOmHmVmymYPadWPjnzmym3rjcknW9KTHTKTEDkTEDkTycvrjDzrA76PHnYnW66n1c&tid=e53c8115-5b93-49a6-af44-c432af882028&slotid=1000851&productid=10006&bizresource=0&extParam=%7B%22ppgy_stats%22%3A%7B%22pageSource%22%3A%22%22%2C%22resource%22%3A%2258%22%2C%22abVersion%22%3A%22%22%7D%7D
【整租】乐乎社区 广安门外 乐乎广安门店,广安门外,"
                            j                        ",https://legoclick.58.com/cpaclick?target=szqBpB3draOWUvYf0A-80A7Guvq8uL-ds1EknjNLnjT1PjTQn19QXaO1pZwVUT7bsH6hryw-uARbsHbvnHDVPAE1PzdBmWcYsHbQnym3PjbLmH91PkDYnWcLrHDdnjEQnHc3nkDKPjTkPH0knjnYnjD1rjDKPWTknjTkTHNdPW9LnkDLnjD1PTDQTHDdrjn1rH9vrHn1rjTKPHTKwbnV0AnVUA-1IAQ-uMEKnEDYnTDKsHDKTHcYrHD1PjEdPjELPH03PTDkTHDQnWc3rWcknjKxPjTknTDQTyNkmhnYrHcLsH6-nynVPjNvrid6ny7WsHnOmW9LryFBPH6WuEDQnHbQPWEdnWn3Pjc1nWTLrHnvTHDQrHDvPjNzn191PWTzrHn1P1mKTHEzrjcKnEDQsWTKTiYKTE7CIZwk01CfsvFJsWN3shPfUiqkpyOkmy-MUvOMXgNf0A3fPjTf5vdGUMKzpyP-5HcknjKxPjTknTDKnHD1sWDkra3QrjE8rjcKnTDkTHT8njT1PHckPjTkP1cvnWT3P1nkPkDQsjEzrjcKXLYKnHTknjmKnHTknj9dnEDvuWb3rANdraY1P1nksHEvnjcVmWDYnzdbnjNdPjuBmHPWmynKTHTKTEDkTEDkTyckmv7WnvcOujNYm1EQPhD&tid=6f988e58-3730-4602-b143-d05546ba3cac&slotid=1000851&productid=10006&bizresource=0&extParam=%7B%22ppgy_stats%22%3A%7B%22pageSource%22%3A%22%22%2C%22resource%22%3A%2258%22%2C%22abVersion%22%3A%22%22%7D%7D
【整租】青遇home 高碑店 八通线一居室,高碑店,"
                                                    ",https://legoclick.58.com/cpaclick?target=szqBpB3draOWUvYf0A-80A7Guvq8uL-ds1nOrjcQnHnkPHbYnHbQXaO1pZwVUT7bsyNYnvNkuW0YsHDYuhEVPjw6uadBPW-hsHI6rHmzPAEznycLuTDYPjmLPjTOnHbkrjm1nTDKn1b3nWDQn1TdrHEQrHDKPWTknjTkTHD1nTDLnjD1PTDQTHDdrjn1rH9vrHNkPjnKPHTKwbnV0AnVUA-1IAQ-uMEKnEDYnEDKsHDKTHcYrHDQPHDYrHTvPWcvPTDkTHDQnWc3rWcknjKxPjTknTDQTyP-uh7WPjwbsH0OmycVPjPbnBYOujR6sH-hnWKbn1mvn1TQrEDQnH91rHDvnHN3nWcLPHbdnWmYTHDQrjnOnHmQPH9QPj0OnjnYrj9KTHEzrjcKnEDQsWTKTiYKTE7CIZwk01CfsvFJsWN3shPfUiqkpyOkmy-MUvOMXgNf0A3fPjDf5vdGUMKzpyP-5HcknjKxPjTknTDKnHD1sWDkra3QrjE8rjcKnTDkTHN8rjcLP1EknjD1nHEznHEvwiYYTHD_Pjc3n97exEDQnjTkP9DQnjTkrjNQTym3PhDYrA7hsyubrHnVPjnYradBPjR6sycOryDkm1RWuj9LuTDKnTDKTHTKTHTKmHEQn1c3uW01nW0YrjE3uE&tid=f86a48af-fd93-4348-b45a-b99a0c5cd87d&slotid=1000851&productid=10006&bizresource=0&extParam=%7B%22ppgy_stats%22%3A%7B%22pageSource%22%3A%22%22%2C%22resource%22%3A%2258%22%2C%22abVersion%22%3A%22%22%7D%7D
【整租】青遇home 双桥 入住立减房租,双桥,"
                            c                            -
                            鸺                        ",https://legoclick.58.com/cpaclick?target=szqBpB3draOWUvYf0A-80A7Guvq8uL-ds1nOrjT1PjcLPWnYP1TQXaO1pZwVUT7bsyE3ryEdmhw-sHTzrynVPAczPaYOnjKWsHEYrjPBnWEvPvD3uTDYPjmLPjTOnHbkrjm1nTDKn1b3njnYnW0vn1ELnjDKPWTknjTkTHmknjTknTDLnjD1PTDQTHDdrjn1rH9vrHmdrHnKnW9KwbnV0AnVUA-1IAQ-uMEKnEDYn9DKsHDKTHcYrHDQPHDYrHTvPWcvPTDkTHDQnWc3rWcknjKxPjTknTDQTH-6Pj76nHmvsyRBmhNVPjRbnzdBPjD1sHubPHNkm17-n16hnTDQnH91n1nvnjmLP1cvPH9OrHNzTHDQrjn1n1mkPW0vPWnvP1N1rHcKTHEzrjcKnEDKTiYKTE7CIZwk01CfsvFJsWN3shPfUiqkpyOkmy-MUvOMXgNf0A3fPjcf5vdGUMKzpyP-5HcknjKxPjTknTDKnHD1sWDkra3QrjE8rjcKnTDkTEDQsjEzrjcKXLYKnHTknjmKnHTknj9dnE76mW7hnHw6raYLn19dsHEOPhcVrH-6nBYzP1bvmHNvrHnQm1cKTHTKTEDkTEDkTyn3nAc3Phu6mhnzP1n1Pvn&tid=ab1f14a8-7385-496b-99a2-2796a56931c2&slotid=1000851&productid=10006&bizresource=0&extParam=%7B%22ppgy_stats%22%3A%7B%22pageSource%22%3A%22%22%2C%22resource%22%3A%2258%22%2C%22abVersion%22%3A%22%22%7D%7D
【整租】高碑店 亚北国际创意产业 室厅,亚北国际创意产业,"
                            j                        ",https://legoclick.58.com/cpaclick?target=szqBpB3draOWUvYf0A-80A7Guvq8uL-ds1nOPWN3n1T1rjTYrHnOXaO1pZwVUT7bsH9knWTdnjmYsHEYPjnVPAmLuaY3mHEdsHEYuhEYmhuhPHRhm9DYPjmLPjTOnHbkrjm1nTDKn1bvPH91njn3njEOn1bKPWTknjTkTHNLPWn3P9DLnjD1PTDQTHDdrjn1rH9vrH9zPWEKPHTKwbnV0AnVUA-1IAQ-uMEKnEDYnkDKsHDKTHcYrHDQPHDYrHTvPWcvPTDkTHDQnWc3rWcknjKxPjTknTDQTHE3rAmkuym1sHTvnjDVPj0duidBrjw-syDOuhnYuWI6nvn3m9DQnH03PH9kPWNknjD3Pj93n1ckTHDQP19drjTvPjbOPj0QrjDkPHmKTHEzrjcKnEDQsWTKTiYKTE7CIZwk01CfsvFJsWN3shPfUiqkpyOkmy-MUvOMXgNf0A3fPjnf5vdGUMKzpyP-5HcknjKxPjTknTDKnHD1sWDkra3QrjE8rjcKnTDkTHT8njTQP1cOrHmQrjTYPW0dn1NLTHD_Pjc3n97exEDQnjTkP9DQnjTkrjNQTyP6m1R6PWNdsHuWmWDVPjmOmidBrHmksHD3PvcOn1DQmWNYn9DKnTDKTHTKTHTKuHNzmW6BuAndrjIbPWnLPT&tid=cac5a655-6cb1-469a-b960-187b9311b542&slotid=1000851&productid=10006&bizresource=0&extParam=%7B%22ppgy_stats%22%3A%7B%22pageSource%22%3A%22%22%2C%22resource%22%3A%2258%22%2C%22abVersion%22%3A%22%22%7D%7D
【合租】天竺 天竺花园天祥园 q室次卧,天竺花园天祥园,"
                                                    ",https://legoclick.58.com/cpaclick?target=szqBpB3draOWUvYf0A-80A7Guvq8uL-ds1EkPH0YnjDYnHNYn10dXaO1pZwVUT7bsHFhPAc1PH7hsHwWryNVPjIBPadBm1m1syEkmHmYuW91uWmQrTDYPjmLPjT3rjDOrjmLrTDKPjTdP1EknHEQPHE1P1NKPWTknjTkTHmknjTknTDLnjD1PTDQTHDdrjn1rH9LnjTQnH9KnE7AEzdkmzd_pgPYUARhITDQTHEYTEDVnEDKnWEOnHDdnHbvnHEQPH9YTHTKnHDznW9lnWTkn7tYnjTkTHDKrjN3njRbrjbVmHb3nBYYnvP-sy7BnHmVPHbvrjRWPH9dmWbkTHDznj9drjmvPjmLPWbOnWmQPjNKnHckrjN3PWmYPW0QnHckPH93rTDKPjc3n9DQTEDKsEDKTy6YIZK1rBtfmhC8PH98mvqVsLKGUMK6pyIfUhIOIiqkUBtYPat4Uy-80ZFGmvNqnWTkn7tYnjTkTEDQnHn8nHT3sWD3Pa33n9DkTHTKTHD_Pjc3n97exEDQnjTkP9DQnjTkrjNQTH6BPWbvmvR-sHm3PAnVPjb3nBd6uyP-symLPjcLPWK-PHcdmEDKnTDKTHTKTHTKnyFbPjFWnymzuHbQPhcQnT&tid=8b696cee-684c-4982-aece-f742760e525a&slotid=1000851&productid=10006&bizresource=0&extParam=%7B%22ppgy_stats%22%3A%7B%22pageSource%22%3A%22%22%2C%22resource%22%3A%2258%22%2C%22abVersion%22%3A%22%22%7D%7D
【整租】青遇home 高碑店 传媒大学北花园,高碑店,"
                            c鸺                            -
                            q                        ",https://legoclick.58.com/cpaclick?target=szqBpB3draOWUvYf0A-80A7Guvq8uL-ds1Eknj0dPWEdrH0OnjcYXaO1pZwVUT7bsyNzPvNOn1NQsyDdnADVPj0zraY3nvF6sHnQPHDvnWP-PAP-m9DYPjmLPjTOnHbkrjm1nTDKPjTkP1NvPjNOP1bknWEKPWTknjTkTHD1nTDLnjD1PTDQTHDdrjn1rH9LnjD3rHDKPHTKwbnV0AnVUA-1IAQ-uMEKnEDYPEDKsHDKTHcYrHDQPHDYrHTvPWcvPTDkTHDQnWc3rWcknjKxPjTknTDQTyDznynvuynQsyRWuAmVPARBmiYOrH7BsHF-n191uWEznHmkuEDQnHbznWNvnHD3rjDkP1Ndnj0zTHDQrHczPHmQnH9LPj03PjTdnHcKTHEzrjcKnEDQsWTKTiYKTE7CIZwk01CfsvFJsWN3shPfUiqkpyOkmy-MUvOMXgNf0A3fPjNf5vdGUMKzpyP-5HcknjKxPjTknTDKnHD1sWDkra3QrjE8rjcKnTDkTHn8nWNQn1ELnWmznHTYPWnYPDNVPTDQsjEzrjcKXLYKnHTknjmKnHTknj9dnE7WnjNkmHTQnzYYuH0ksHEOnhNVrHNYnadBnHNOuj93uhndnyNKTHTKTEDkTEDkTHTkPHmkmHDkuj76uADYnhD&tid=c050a013-4e70-492e-9540-b159d88fc51e&slotid=1000851&productid=10006&bizresource=0&extParam=%7B%22ppgy_stats%22%3A%7B%22pageSource%22%3A%22%22%2C%22resource%22%3A%2258%22%2C%22abVersion%22%3A%22%22%7D%7D
【整租】东坝 北京城建福润四季 室厅,北京城建福润四季,"
                            j鸺                        ",https://legoclick.58.com/cpaclick?target=szqBpB3draOWUvYf0A-80A7Guvq8uL-ds1EknHTznjbOPjmknWnQXaO1pZwVUT7bsHEzPH-hmvDQsyFBnHbVPjPhuBYOn10LsH9YmhckuWcvryNQuEDvnj0OnHmvnjnkPjmdPkDKPjTQnjckrHbYPWTzn1DKPWTknjTkTHDOPHTOnEDLnjD1PTDQTHDdrjn1rH9LnjnLnHNKPHTKwbnV0AnVUA-1IAQ-uMEKnEDYP9DKsHDKTHDkrjELnHczP1cOrjT1PWDznHmKnTDQnHczrjCznjTkg1EknjTKnEDYuWI6PHbvnzYvrj9LsHE3nyDVrHnYriYkm1TkmyF6rjNYnH9KnHDOn1DznWbYPWnvnHmznWNzrTDQnHb1nHczrHEvnWbYPjbLnW9kTEDYnW9zTHDKni3kTEDVTEDKpZwY0ZnlszqBpB3draOWUvYf0A-80A7Guvq8uL-dsLK8s1Evs1qVpyOk0h-WuHYznjTkg1EknjTKTHDQnz3Qnj98nH9YsW9zTHTKnTDYsW93nW9drjTQP1b3rjcdnbNVPTDQsjEzrjcKXLYKnHTknjmKnHTknj9dnEDkuyEdmHIWmBYzmynksHE1n1nVrAnznadWPW9dPH-6uHIBmWmKTHTKTEDkTEDkTHbzmHNOPj-BP10dPvwhPyN&tid=0ed5a7cb-2ac0-4333-8c20-c68559ae7bb6&slotid=1000851&productid=10006&bizresource=0&extParam=%7B%22ppgy_stats%22%3A%7B%22pageSource%22%3A%22%22%2C%22resource%22%3A%2258%22%2C%22abVersion%22%3A%22%22%7D%7D
【整租】双桥 北京服仓国际文化 室厅,北京服仓国际文化,"
                            鸺j                        ",https://legoclick.58.com/cpaclick?target=szqBpB3draOWUvYf0A-80A7Guvq8uL-ds1nOnHNQrH9vn1nvPWEzXaO1pZwVUT7bsH0QmWNLuHmksyEYP1bVPA76nBYOuycLsHnkPvPhPW6hnvFhrEDYPjmLPjTOnHbkrjm1nTDKn1bQPHDOrjm1n1mvPjcKPWTknjTkTHNOnjEdnTDLnjD1PTDQTHDdrjn1rH9LnjN1P1nKPHTKwbnV0AnVUA-1IAQ-uMEKnEDYPkDKsHDKTHcYrHDQPHDYrHTvPWcvPTDkTHDQnWc3rWcknjKxPjTknTDQTHnkmHEvPWn3syNLrjmVPjm1nBdBrjR6symznWDzPWwbnWP6mEDQnHmQrH9OPWnOnWm1P1mYPj9kTHDQPWDOrjbvn1bznjNkPjEznWEKTHEzrjcKnEDQsWTKTiYKTE7CIZwk01CfsvFJsWN3shPfUiqkpyOkmy-MUvOMXgNf0A3fPj0f5vdGUMKzpyP-5HcknjKxPjTknTDKnHD1sWDkra3QrjE8rjcKnTDkTHT8njTzPHb1nj9YPHNvnjb1rHDYn9DQsjEzrjcKXLYKnHTknjmKnHTknj9dnE7BuHnzuANknadbPjNLsHwbrjnVrANLPaYOuWwbujKbmWEvrH9KTHTKTEDkTEDkTyDOuHEOn10krj0knhDkuWT&tid=be32de00-d457-4d83-8e74-9f4dd0db4698&slotid=1000851&productid=10006&bizresource=0&extParam=%7B%22ppgy_stats%22%3A%7B%22pageSource%22%3A%22%22%2C%22resource%22%3A%2258%22%2C%22abVersion%22%3A%22%22%7D%7D
【整租】双桥 玲珑山 室厅,玲珑山,"
                            qq                        ",https://legoclick.58.com/cpaclick?target=szqBpB3draOWUvYf0A-80A7Guvq8uL-ds1nOnjnLrHmkrjcYrHmLXaO1pZwVUT7bsHm1rj7BnWuBsyNzPAcVPAN1miYOmvcLsH76nhNLPAnOryuBnkDYPjmLPjTOnHbkrjm1nTDKn1bkn10OPWT3nWEOPW0KPWTknjTkTHN1rHmYnEDLnjD1PTDQTHDdrjn1rH9Lnj0krjEKPHTKwbnV0AnVUA-1IAQ-uMEKnEDYrTDKsHDKTHcYrHDQPHDYrHTvPWcvPTDkTHDQnWc3rWcknjKxPjTknTDQTHwbnHRhnANvsyEdP19VPA7WuiYOP101sHnQPhRbrAnznHuBmkDQnHN3nWN1nWNQnWNOnW9QPjT3THDQPH9zPHnzPHDznjTdPWDQPHcKTHEzrjcKnEDQsWTKTiYKTE7CIZwk01CfsvFJsWN3shPfUiqkpyOkmy-MUvOMXgNf0A3fPj9f5vdGUMKzpyP-5HcknjKxPjTknTDKnHD1sWDkra3QrjE8rjcKnTDkTHT8njTznWNQnWm1nHNkPWb3rHnvPkDQsjEzrjcKXLYKnHTknjmKnHTknj9dnEDOrynkmHm3Pid-ujI-sHw6Pj0VrHb1riYLmynOuHn1mWbdmynKTHTKTEDkTEDkTH0LuyFhnhNdrHNYmvELnvD&tid=99c0a685-ed7e-4a47-9939-7ac9e33b95ac&slotid=1000851&productid=10006&bizresource=0&extParam=%7B%22ppgy_stats%22%3A%7B%22pageSource%22%3A%22%22%2C%22resource%22%3A%2258%22%2C%22abVersion%22%3A%22%22%7D%7D
【整租】高碑店 印象里文创园 室厅,印象里文创园,"
                                                    ",https://legoclick.58.com/cpaclick?target=szqBpB3draOWUvYf0A-80A7Guvq8uL-ds1ndrHmLnHDdrHnQPHcOXaO1pZwVUT7bsyDQnW0vP1EvsymdPhDVPjmzPBYOrAnvsyndPWDkP1KhujD3n9DYPjmLPjTOnHbkrjm1nTDKn1NOPW0QnHNOn1DdnWbKPWTknjTkTHD1nTDLnjD1PTDQTHDdrjn1rH9Lnj93nHbKPHTKwbnV0AnVUA-1IAQ-uMEKnEDYrEDKsHDKTHcYrHDQPHDYrHTvPWcvPTDkTHDQnWc3rWcknjKxPjTknTDQTyc1nWRhnj66sHnOPWbVPjDdmidBuAFBsHbkP1DvmH6Wnjbdu9DQnjNLPWcLrjTdrjckPjDQrHTYTHDkPH0vnW03njNLPH0dnjDYPjcKTHEzrjcKnEDQsWTKTiYKTE7CIZwk01CfsvFJsWN3shPfUiqkpyOkmy-MUvOMXgNf0A3fPjbf5vdGUMKzpyP-5HcknjKxPjTknTDKnHD1sWDkra3QrjE8rjcKnTDkTHD8P1n3n1nLPW0OrjbvPWNLwiYYTHD_Pjc3n97exEDQnjTkP9DQnjTkrjNQTHmOmyubnjmLsH9zP1EVPjmzuid6mvNzsHNvujDOrjcOPWb3u9DKnTDKTHTKTHTKnynOmym3uAckP1ubmhNknk&tid=69afd067-8274-462e-ace2-56d19829698f&slotid=1000851&productid=10006&bizresource=0&extParam=%7B%22ppgy_stats%22%3A%7B%22pageSource%22%3A%22%22%2C%22resource%22%3A%2258%22%2C%22abVersion%22%3A%22%22%7D%7D
【整租】青遇home 双桥 减租金青年社区,双桥,"
                            q                            -
                            qq                        ",https://legoclick.58.com/cpaclick?target=szqBpB3draOWUvYf0A-80A7Guvq8uL-ds1EknHDYrjcOn10kPHTQXaO1pZwVUT7bsHNYuAE1uWDksHIhPvDVPAwWraYOuWc1syNdmyEzuAuBmhckuTDYPjmLPjTOnHbkrjm1nTDKPjTQnHE3nWb1P1TdnjDKPWTknjTkTHmknjTknTDLnjD1PTDQTHDdrjn1rH9LnHTYPjTKn1DKwbnV0AnVUA-1IAQ-uMEKnEDdnTDKsHDKTHcYrHDQPHDYrHTvPWcvPTDkTHDQnWc3rWcknjKxPjTknTDQTHTzPWbOuWTOsHTLrAnVPj0zPiY3PyR6sHN3uH9zrHu6uHEOn9DQnHb1PHEknj0OP10znjT3PjE3THDQrHndPjTkP1bLnjbkrHn3rj9KTHEzrjcKnEDKTiYKTE7CIZwk01CfsvFJsWN3shPfUiqkpyOkmy-MUvOMXgNf0A3fPHTf5vdGUMKzpyP-5HcknjKxPjTknTDKnHD1sWDkra3QrjE8rjcKnTDkTEDQsjEzrjcKXLYKnHTknjmKnHTknj9dnEDLuAwWuW7hnadbmHNvsHwbrAcVmWNdnzd-PWw6mHDdmWbLrAmKTHTKTEDkTEDkTHKbuHDznjDdPWPBnyRhPW9&tid=7ddcf1f0-da56-4d8b-b553-e64aa15b978f&slotid=1000851&productid=10006&bizresource=0&extParam=%7B%22ppgy_stats%22%3A%7B%22pageSource%22%3A%22%22%2C%22resource%22%3A%2258%22%2C%22abVersion%22%3A%22%22%7D%7D
【整租】高碑店 超级蜂巢 室厅,超级蜂巢,"
                            qc                        ",https://legoclick.58.com/cpaclick?target=szqBpB3draOWUvYf0A-80A7Guvq8uL-ds1nOnW9YnWcOrjndnHnOXaO1pZwVUT7bsym1rHcvmyc1sHKWnj9VPjP-uid6rycOsHTLrjTQujw-P1I-mkDYPjmLPjTOnHbkrjm1nTDKn1bzrjEznWb3n1NQn1bKPWTknjTkTHNOP1c1PkDLnjD1PTDQTHDdrjn1rH9LnHcQPWNKPHTKwbnV0AnVUA-1IAQ-uMEKnEDdnEDKsHDKTHcYrHDQPHDYrHTvPWcvPTDkTHDQnWc3rWcknjKxPjTknTDQTH7-nHEknjEvsH93mHbVPj0vmzY3m1cksyDQrjnOuW-6mWuBPkDQnHmvn1czrHbYnWnkrjmdrHckTHDQPWm1nWcOrHEQPW0OPHNYPH0KTHEzrjcKnEDQsWTKTiYKTE7CIZwk01CfsvFJsWN3shPfUiqkpyOkmy-MUvOMXgNf0A3fPHDf5vdGUMKzpyP-5HcknjKxPjTknTDKnHD1sWDkra3QrjE8rjcKnTDkTHn8rjcdnjTOPHN3nHbLnjnzPNNVPTDQsjEzrjcKXLYKnHTknjmKnHTknj9dnE7BPWNdmH0kuad6nWmLsHwhnHNVryEduaYzmWw-PjFWnAnOuWcKTHTKTEDkTEDkTyw-mvmdPA7WnjmYrj7WmHT&tid=b655a70d-a267-4f15-9d5d-2b4e42c0c9f2&slotid=1000851&productid=10006&bizresource=0&extParam=%7B%22ppgy_stats%22%3A%7B%22pageSource%22%3A%22%22%2C%22resource%22%3A%2258%22%2C%22abVersion%22%3A%22%22%7D%7D
【整租】高碑店 超级蜂巢 室厅,超级蜂巢,"
                            cq                        ",https://legoclick.58.com/cpaclick?target=szqBpB3draOWUvYf0A-80A7Guvq8uL-ds1nOnW9YnHNLPHn1Pj0YXaO1pZwVUT7bsy76rHw-PW0vsyDzP1NVPjKBniYOPAELsH7brH-WuyRBnyn3u9DYPjmLPjTOnHbkrjm1nTDKn1bzrjEQPH0dn1nYP1EKPWTknjTkTHD1nTDLnjD1PTDQTHDdrjn1rH9LnHEQPWnKPHTKwbnV0AnVUA-1IAQ-uMEKnEDdn9DKsHDKTHcYrHDQPHDYrHTvPWcvPTDkTHDQnWc3rWcknjKxPjTknTDQTyN3PW76mhmksynYPhDVPjRhuad6mWF-sHT1PWDzPyNLnAuWuEDQnHmvn1ckPWcdnjc1P1cdPHm3THDQPWm1nWTvnWEOn1b3PjndrjEKTHEzrjcKnEDQsWTKTiYKTE7CIZwk01CfsvFJsWN3shPfUiqkpyOkmy-MUvOMXgNf0A3fPHcf5vdGUMKzpyP-5HcknjKxPjTknTDKnHD1sWDkra3QrjE8rjcKnTDkTHn8nWb1nH0vnH0OnjDkrH0zwiYYTHD_Pjc3n97exEDQnjTkP9DQnjTkrjNQTynOn101rANYsHFWuWbVPAwBradBP1F-syuWnhNYrHNOmyR6P9DKnTDKTHTKTHTKryELmHEOP16hujDQP1bkmE&tid=c93738e4-2cf9-4db8-b72e-fc2e4959aea6&slotid=1000851&productid=10006&bizresource=0&extParam=%7B%22ppgy_stats%22%3A%7B%22pageSource%22%3A%22%22%2C%22resource%22%3A%2258%22%2C%22abVersion%22%3A%22%22%7D%7D
【整租】东坝 金驹家园一区(金 室厅,金驹家园一区(金,"
                            q                        ",https://legoclick.58.com/cpaclick?target=szqBpB3draOWUvYf0A-80A7Guvq8uL-ds1nOrjbkP1E3n10vnWDkXaO1pZwVUT7bsH-BPAnQnycvsH9OPhNVPjT1mBY3uANvsHDduyNYuhNOmv7huEDvPWnLnWcLnHTYPWb1nTDKn1b3rHTLPj91P1mznHTKPWTknjTkTHmknjTknTDLnjD1PTDQTHDdrjn1rH9LnHN3PWmKn10KwbnV0AnVUA-1IAQ-uMEKnEDdnkDKsHDKTHDQP1EQnWbQrjnOnjnLnWndnWTKnTDQnHczrjCznjTkg1EknjTKnEDkrAF-n1bYnaY3nAnksHE1rynVmHEdnBYdmHFWuh76PjRbPjnKnHD3PWDOP1nOn10vP1EQPH9krTDQnH9vnHbLn1b1P1T3PWbdPHNzTEDYnW9zTHDKTEDVTEDKpZwY0ZnlszqBpB3draOWUvYf0A-80A7Guvq8uL-dsLK8s1N1s1qVpyOk0h-WuHYznjTkg1EknjTKTHDQnz3Qnj98nH9YsW9zTHTKnTDKnikYnW9zTgVqTHDknjTvTHDknjT3PHDKuANknWNQnHTVPvcOmBYYuHI6syDzrHbVnvFbmvw6ujTkPHIhTEDkTEDKnTDKnTDLPW6Bn16bmWKhPjKbPhmY&tid=de025110-7b9b-4e7a-a299-3bdcdad0057f&slotid=1000851&productid=10006&bizresource=0&extParam=%7B%22ppgy_stats%22%3A%7B%22pageSource%22%3A%22%22%2C%22resource%22%3A%2258%22%2C%22abVersion%22%3A%22%22%7D%7D
【整租】新宫 京工时尚创新园 室厅,京工时尚创新园,"
                                                    ",https://legoclick.58.com/cpaclick?target=szqBpB3draOWUvYf0A-80A7Guvq8uL-ds1EkP10zP10YP1E3rHnQXaO1pZwVUT7bsHFbPvcdrHIBsH76mWnVPAF-mzYOm1m1symOn1IhnWFWrAEduTDvPHc3njbznjD3nWTznTDKPjTLP1cLP1ELPj9On1DKPWTknjTkTHNkrHTknEDLnjD1PTDQTHDdrjn1rH9LnH0vn1bKPHTKwbnV0AnVUA-1IAQ-uMEKnEDdPTDKsHDKTHDznHTQPHTYP1NYn10OrH9krjTKnTDQnHczrjCznjTkg1EknjTKnED1nW7BPhmzPzdhnWP-sHEknH0Vrj03uiY3njR6PW9dnvw6PWnKnHcQPHTOrHm1PjTQnWDvnjTknTDQnWDdnjbOPWn1rHN1Pjc1n1mkTEDYnW9zTHDKni3kTEDVTEDKpZwY0ZnlszqBpB3draOWUvYf0A-80A7Guvq8uL-dsLK8s1NYs1qVpyOk0h-WuHYznjTkg1EknjTKTHDQnz3Qnj98nH9YsW9zTHTKnTDksWTkn19OPWndnjN1PHNOPHmQnEDQsjEzrjcKXLYKnHTknjmKnHTknj9dnEDQnj0kn10kraYYmWndsHwhrH0VmW7buidWryFWnHm3mWT3nHDKTHTKTEDkTEDkTHNOmyP6rHu6uWwbuyNdnAm&tid=10703708-4b35-4f97-b1de-c9bc168b0811&slotid=1000851&productid=10006&bizresource=0&extParam=%7B%22ppgy_stats%22%3A%7B%22pageSource%22%3A%22%22%2C%22resource%22%3A%2258%22%2C%22abVersion%22%3A%22%22%7D%7D
【整租】条玛青年社区 新宫 花卉创意园店,新宫,"
                            鸺                        ",https://legoclick.58.com/cpaclick?target=szqBpB3draOWUvYf0A-80A7Guvq8uL-ds1EQnjN1rHbzn1ckrHndXaO1pZwVUT7bsyE1nhu-uhF-sHTvuyDVPAmQnzYOmWmzsy7hPAPhuh7bnvmvuTDLPWE1P1c3P1DYP1NOTEDYnHTdn1bOnWnznjb1PEDvnjTknjTKPWTknjTkTH0knHnYTHDKnHN3n1nOrj0QrHnkPEDvTNujsgKWsyQG0Lw_uyuYTHDKPHNKTiYQTEDQnHNzrjNYnj0dnWm3PW01PHnvTHTKnHDznW9lnWTkn7tYnjTkTHDKnhc3nHn3PhEVuyPWniYYmyEYsyDOPyDVn1-bPjDQnhmYuW66THDznWE1nHEdP1D3nWb3nWDYPjTKnHczPjnQPjNLnH0LnHDknHD3PTDKPjc3n9DQTEDKsEDKTy6YIZK1rBtfmhC8PH98mvqVsLKGUMK6pyIfUhIOIiqkUBtdPit4Uy-80ZFGmvNqnWTkn7tYnjTkTEDQnHn8nHT3sWD3Pa33n9DkTHTKTHD_Pjc3n97exEDQnjTkP9DQnjTkrjNQTH66ujb3uWF6syn3PH0VPAR-Pad6uH93sycYuAcdmyuhmhN1PTDKnTDKTHTKTHTKuAckrjwWmHTknjmzuAu6m9&tid=8ad98f2a-c857-4ee4-ae88-b4db5affbe34&slotid=1000851&productid=10006&bizresource=0&extParam=%7B%22ppgy_stats%22%3A%7B%22pageSource%22%3A%22%22%2C%22resource%22%3A%2258%22%2C%22abVersion%22%3A%22%22%7D%7D
【合租】奥林匹克公园 龙祥嘉园 q室次卧,龙祥嘉园,"
                            c                        ",https://legoclick.58.com/cpaclick?target=szqBpB3draOWUvYf0A-80A7Guvq8uL-ds1n3P1TYPjE1nHmznjDYXaO1pZwVUT7bsHwBuyNYn1KBsHPWPWEVPjR6nzY3nH-WsyPhuWwhPHuBmhuWnEDYPjmLPjT3rjDOrjmLrTDKn19LnjEYPjnQPWcknHEKPWTknjTkTHNOrjDOP9DLnjD1PTDQTHDdrjn1rH9LnWTOPWTKPHTKwbnV0AnVUA-1IAQ-uMEKnEDdP9DKsHDKTHcYrHDQPHDOPWDYnHN3PTDkTHDQnWc3rWcknjKxPjTknTDQTyNkm1PhuhEOsyP-rHEVPj6BniY3uyEdsyu-PADYuWD3PjP6rTDQnHELn1cYPHEYPHcdnjcdnW9kTHDQPj01nWEdPjEYPjbdnW03nj9KTHEzrjcKnEDQsWTKTiYKTE7CIZwk01CfsvFJsWN3shPfUiqkpyOkmy-MUvOMXgNf0A3fPHmf5vdGUMKzpyP-5HcknjKxPjTknTDKnHD1sWDkra3QrjE8rjcKnTDkTHT8njTQrHbYP1T1rjbzrjNzPWbvnkDQsjEzrjcKXLYKnHTknjmKnHTknj9dnEDvPHu6mWEknBYvPhF6sHEkP1TVrHmQnzYOnHNOm1bvPjKhnjTKTHTKTEDkTEDkTyR-n1wWmyNOmWuBPW93m1c&tid=656ab402-66ba-4070-9613-9159c9640f00&slotid=1000851&productid=10006&bizresource=0&extParam=%7B%22ppgy_stats%22%3A%7B%22pageSource%22%3A%22%22%2C%22resource%22%3A%2258%22%2C%22abVersion%22%3A%22%22%7D%7D
【合租】双桥 管庄新村C区 c室次卧,管庄新村C区,"
                                                    ",https://legoclick.58.com/cpaclick?target=szqBpB3draOWUvYf0A-80A7Guvq8uL-ds1EknWELn1mYnjTdrHTQXaO1pZwVUT7bsHc3uynzPWE1sH6BmHNVPANkPBd6uhN1sHTknhcLuy7bm1bLuTDzrjDzn1TOPHNLnWE3PkDKPjTzPj01PWEknjNOnjDKPWTknjTkTHD1nTDLnjD1PTDQTHDdrjn1rH9LnWcdPjDKPHTKwbnV0AnVUA-1IAQ-uMEKnEDdPkDKsHDKTHDQrHEdnjm1PjbQnHN3rHbOnjEKnTDQnHczrjCznjTkg1EknjTKnE7-PyczuhwbPBd-PHTQsHw-rHDVrjEOPid-rHNYnHbduH6BuHEKnHDOP193nWbLPj0QnWbkPH0zrTDQnHbLrj9zrH0YPWNknjTLPHNzTEDYnW9zTHDKni3kTEDVTEDKpZwY0ZnlszqBpB3draOWUvYf0A-80A7Guvq8uL-dsLK8s1NLs1qVpyOk0h-WuHYznjTkg1EknjTKTHDQnz3Qnj98nH9YsW9zTHTKnTD3sWmLrHD1njTvnH0LPHNQrDNVPTDQsjEzrjcKXLYKnHTknjmKnHTknj9dnEDkPWTkrH66radbPWwhsHwWPW0VrAnvuadWuADduhFBuHw6mWnKTHTKTEDkTEDkTHTQrAwWuj9LPAwBnAELn1D&tid=060098a8-d64f-4c67-8c6d-cda5fbbe4ab3&slotid=1000851&productid=10006&bizresource=0&extParam=%7B%22ppgy_stats%22%3A%7B%22pageSource%22%3A%22%22%2C%22resource%22%3A%2258%22%2C%22abVersion%22%3A%22%22%7D%7D
【整租】立水桥 中滩路号院 室厅,中滩路号院,"
                                                    ",https://legoclick.58.com/cpaclick?target=szqBpB3draOWUvYf0A-80A7Guvq8uL-ds1EQn1m1PHE1PH0kP1cdXaO1pZwVUT7bsyDdnhP-n1n3sH91rjTVPAmkrid6rHbzsHb1PjIhuyDkmHuWnkD1rHnQnHbzn1DvnH9LrEDKPjD1PWndPjndP1TLnWNKPWTknjTkTHmknjTknTDLnjD1PTDQTHDdrjn1rH9LnWEQnjnKPjNKwbnV0AnVUA-1IAQ-uMEKnEDdrTDKsHDKTHDQrjE1n1TOnHbLrHcvnHbdnWTKnTDQnHczrjCznjTkg1EknjTKnEDdnjRbrjc3niYknhNLsHw6rjNVrHK6nzd6mHTOPhcdrjuBrjNKnHc1PjEdP1bYP1TQnHTdPHmQP9DQnWnYPjNLrHEvrHE3nHEQnjNLTEDYnW9zTHDKTEDVTEDKpZwY0ZnlszqBpB3draOWUvYf0A-80A7Guvq8uL-dsLK8s1N3s1qVpyOk0h-WuHYznjTkg1EknjTKTHDQnz3Qnj98nH9YsW9zTHTKnTDKnikYnW9zTgVqTHDknjTvTHDknjT3PHDKnWTvnh7BPjDVnvNdmzYYnjE3sHbYuWTVPAczPHbvnvubnWb1TEDkTEDKnTDKnTDQnymkrAczrA7WPANOmWNd&tid=2062ab41-3e5c-4048-94f0-4b25963fd293&slotid=1000851&productid=10006&bizresource=0&extParam=%7B%22ppgy_stats%22%3A%7B%22pageSource%22%3A%22%22%2C%22resource%22%3A%2258%22%2C%22abVersion%22%3A%22%22%7D%7D
【整租】台湖镇 北京宇涵文化创意 c室厅,北京宇涵文化创意,"
                                                    ",https://legoclick.58.com/cpaclick?target=szqBpB3draOWUvYf0A-80A7Guvq8uL-ds1EQnHcvrjELnW9drHDzXaO1pZwVUT7bsHczPyRBuAN3sHDQnj0VPjn3mzdBnvcdsHIBnhEdnynQnW0kmkDvPWT1nWDQPWbznHmznTDKPjDQnWm3Pj0zrjNOnHcKPWTknjTkTHmknjTknTDLnjD1PTDQTHDdrjn1rH9LnWNLPHmKPjmKwbnV0AnVUA-1IAQ-uMEKnEDdrEDKsHDKTHDQPW91PHN3n1b1PHE3P1NOnjEKnTDQnHczrjCznjTkg1EknjTKnE76nynQn1FhnzYduWK6sHEvnhmVrjRbmzdhn1b1rHPbPvwBPHcKnHczPW0knH93n1TdrjE1rjDYPTDQnWcvP1TQrj9zrHbOP1DLrj9OTEDYnW9zTHDKTEDVTEDKpZwY0ZnlszqBpB3draOWUvYf0A-80A7Guvq8uL-dsLK8s1NOs1qVpyOk0h-WuHYznjTkg1EknjTKTHDQnz3Qnj98nH9YsW9zTHTKnTDKnikYnW9zTgVqTHDknjTvTHDknjT3PHDKnH7buyu6PhNVujc1miYYmWmzsyDzuhNVnjN1rjIBmHFhrj6-TEDkTEDKnTDKnTDkPjTdPAnOnAFBmvEQmyDv&tid=11defa6e-d23a-4b62-a2fe-05387ba2f88e&slotid=1000851&productid=10006&bizresource=0&extParam=%7B%22ppgy_stats%22%3A%7B%22pageSource%22%3A%22%22%2C%22resource%22%3A%2258%22%2C%22abVersion%22%3A%22%22%7D%7D
【整租】条玛青年社区 新宫 新发地品质,新宫,"
                            c                        ",https://legoclick.58.com/cpaclick?target=szqBpB3draOWUvYf0A-80A7Guvq8uL-ds1EQn10kn1nkPjmvPWbQXaO1pZwVUT7bsHcknvDLnvDLsHTQmhmVPAu6mzYOryEksHDkm17bPH--mvNknTDLPWE1P1c3P1DYP1NOTEDYnHnLnjn1njEvPWmOnEDvnjTknjTKPWTknjTkTH0knHnYTHDKnHN3n1nOrj0zP1EdPTDYP97AEzdkmzd_pgPYUARhITDQTHmkTEDVnEDKnHDdnW9dPjTLPHcvrjmLn1N1P9DkTHDQnWc3rWcknjKxPjTknTDQTHEzmhmQnvuWsHn3n1EVPjTzuBd6PA7WsHubnHTLP1EzuyNzmkDQnWnYPW9kn1nOrj9kP10QPH9YTHDzn1EvrjT1n1b3n193nHcQPWTKTHEzrjcKnEDKTiYKTE7CIZwk01CfsvFJsWN3shPfUiqkpyOkmy-MUvOMXgNf0A3fPWTf5vdGUMKzpyP-5HcknjKxPjTknTDKnHD1sWDkra3QrjE8rjcKnTDkTEDQsjEzrjcKXLYKnHTknjmKnHTknj9dnEDLnjK6nWRhuBYznjTQsHwWP1bVrjTYuiY1rjT3nA7-m1TvmvNKTHTKTEDkTEDkTywBmhNLPhD3PHmOnhRbuAN&tid=700a25ff-2001-4c79-804e-38080aec06ce&slotid=1000851&productid=10006&bizresource=0&extParam=%7B%22ppgy_stats%22%3A%7B%22pageSource%22%3A%22%22%2C%22resource%22%3A%2258%22%2C%22abVersion%22%3A%22%22%7D%7D
【整租】条玛青年社区 劲松 精品劲松店,劲松,"
                            q                            -
                            q                        ",https://legoclick.58.com/cpaclick?target=szqBpB3draOWUvYf0A-80A7Guvq8uL-ds1EQn1mQPj01P19kPWc3XaO1pZwVUT7bsHDOmv7WPWT3syDLnWnVPjnvmzY3mycvsHTYn1Nkuyw-n1nLnEDLPWE1P1c3P1DYP1NOTEDYnHnvnHELn103njmzrTDvnjTknjTKnHnkTH0knHnYTHDKnHN3n1nOrj0zrHTOnTDdnT7AEzdkmzd_pgPYUARhITDQTHmQTEDVnEDKnHDdnW9dPjTLPHcvrjmLn1N1P9DkTHDQnWc3rWcknjKxPjTknTDQTyc1uW0LmvDLsHKWnAnVPAD3mzdBmHbYsHFWmHR6rANQPAPBrTDQnWnYn1bknHcYPWN1rH9dP1bzTHDzn1E1rHTQnWEdrHbYP1mznWNKTHEzrjcKnEDKTiYKTE7CIZwk01CfsvFJsWN3shPfUiqkpyOkmy-MUvOMXgNf0A3fPWDf5vdGUMKzpyP-5HcknjKxPjTknTDKnHD1sWDkra3QrjE8rjcKnTDkTEDQsjEzrjcKXLYKnHTknjmKnHTknj9dnEDvPhF6uAnvnaY3PjcOsHEYuj9VrAN1raYknjPbmHD3n1N3uAEKTHTKTEDkTEDkTH0On1mvryNvuADdPh7bmhN&tid=66badc60-8429-44d8-8e38-003da18358dd&slotid=1000851&productid=10006&bizresource=0&extParam=%7B%22ppgy_stats%22%3A%7B%22pageSource%22%3A%22%22%2C%22resource%22%3A%2258%22%2C%22abVersion%22%3A%22%22%7D%7D
【整租】条玛青年社区 劲松 劲松国贸店,劲松,"
                                                        -
                                                    ",https://legoclick.58.com/cpaclick?target=szqBpB3draOWUvYf0A-80A7Guvq8uL-ds1EQn1EOn19vnWDLP1mkXaO1pZwVUT7bsymOPhnOPjbdsyuWnyDVPjTLrad6PWK6sHDOnjuhnjmLnH7WnTDLPWE1P1c3P1DYP1NOTEDYnHnYrHn3PWcQP10vnTDvnjTknjTKPHnOnWmkTH0knHnYTHDKnHN3n1nOrj01nj01nEDdnT7AEzdkmzd_pgPYUARhITDQTHmzTEDVnEDKnHDdnW9dPjTLPHcvrjmLn1N1P9DkTHDQnWc3rWcknjKxPjTknTDQTycvmWbvuhwhsyFBuWbVPANLmzYOuhmQsyNLPWFWmWn1m1DzrEDQnWn1rHbYnjn3PWb1nHTQPHm3THDzn1nOrHEkn19vn1TQrj0knj9KTHEzrjcKnEDQsWTKTiYKTE7CIZwk01CfsvFJsWN3shPfUiqkpyOkmy-MUvOMXgNf0A3fPWcf5vdGUMKzpyP-5HcknjKxPjTknTDKnHD1sWDkra3QrjE8rjcKnTDkTHT8njT3PWE3n1nkPjnkPHTdrjTLTHD_Pjc3n97exEDQnjTkP9DQnjTkrjNQTHubuHIWnW7BsyFbP1bVPj0zuBdBPAm3sHwbrANOmhubmW6-nEDKnTDKTHTKTHTKPHmOuWnOnWF6mvnkPvw-m9&tid=6de7c21b-bd79-472f-b4f8-4d8e9bfdb8e1&slotid=1000851&productid=10006&bizresource=0&extParam=%7B%22ppgy_stats%22%3A%7B%22pageSource%22%3A%22%22%2C%22resource%22%3A%2258%22%2C%22abVersion%22%3A%22%22%7D%7D
【整租】条玛青年社区 杨庄  杨庄精品社区,杨庄,"
                            c                            -
                            c                        ",https://legoclick.58.com/cpaclick?target=szqBpB3draOWUvYf0A-80A7Guvq8uL-ds1EQn1E1nWnLn1ndnH9YXaO1pZwVUT7bsHc3rjTQnAcYsym3mhNVPAPBPid6uHbYsH93rjK6PWK-PycLPTDLPWE1P1c3P1DYP1NOTEDYnHnYn1c1P1n1PHD3PTDvnjTknjTKPWTknjTkTH0knHnYTHDKnHN3n1nOrj01nWcvP9DYn97AEzdkmzd_pgPYUARhITDQTHm1TEDVnEDKnHDdnW9dPjTLPHcvrjmLn1N1P9DkTHDQnWc3rWcknjKxPjTknTDQTHckP1-BmWc3sHbvrj0VPAEQuad6n1K-sHK-PH-hnH6BmWTvPTDQnWn1P1bzPHNzPHEOP10LPjT3THDzn1nLrHcdPHcYrjcvPW9dPjEKTHEzrjcKnEDKTiYKTE7CIZwk01CfsvFJsWN3shPfUiqkpyOkmy-MUvOMXgNf0A3fPWnf5vdGUMKzpyP-5HcknjKxPjTknTDKnHD1sWDkra3QrjE8rjcKnTDkTEDQsjEzrjcKXLYKnHTknjmKnHTknj9dnED3rA76PWEYmzYQrAmvsHEdrjcVmWFWPaYzuHFhPhcYPW93nHnKTHTKTEDkTEDkTyDdn1FBPjN3nHmQmWbzPyN&tid=88aa644c-18f6-4582-b2c4-2e2f6b468813&slotid=1000851&productid=10006&bizresource=0&extParam=%7B%22ppgy_stats%22%3A%7B%22pageSource%22%3A%22%22%2C%22resource%22%3A%2258%22%2C%22abVersion%22%3A%22%22%7D%7D
【整租】条玛青年社区 立水桥 立水桥特惠鸺,立水桥,"
                            cj                            -
                            c                        ",https://legoclick.58.com/cpaclick?target=szqBpB3draOWUvYf0A-80A7Guvq8uL-ds1EQn1nzrjTkrjbdP10OXaO1pZwVUT7bsyF-mvEdPyF6sHTzujEVPjnYmBYOm1PhsyNOmHTQPH66uyc3n9DLPWE1P1c3P1DYP1NOTEDYnHn1nW9knj9OPH0LrEDvnjTknjTKPWTknjTkTH0knHnYTHDKnHN3n1nOrj01n19QnEDYrT7AEzdkmzd_pgPYUARhITDQTHmYTEDVnEDKnHDdnW9dPjTLPHcvrjmLn1N1P9DkTHDQnWc3rWcknjKxPjTknTDQTHP-PjNOnHP-sHEYPAmVPj6WnaYOnH-WsywbPjNdPjRhmhF-rTDQnWn1PjNkPH0krHcOPjn3P1ckTHDzn1nYPHTdP1TLrjcvnWDvrHmKTHEzrjcKnEDKTiYKTE7CIZwk01CfsvFJsWN3shPfUiqkpyOkmy-MUvOMXgNf0A3fPWEf5vdGUMKzpyP-5HcknjKxPjTknTDKnHD1sWDkra3QrjE8rjcKnTDkTEDQsjEzrjcKXLYKnHTknjmKnHTknj9dnEDLPj-6uWmzuiY3mWEksHEzujnVmhmOnzYvn1u-nyw-nADYmhcKTHTKTEDkTEDkTyFbnjw6uj7BuWTzPy7WPHc&tid=749af62e-8b40-42d3-bf93-636e1de0a4bb&slotid=1000851&productid=10006&bizresource=0&extParam=%7B%22ppgy_stats%22%3A%7B%22pageSource%22%3A%22%22%2C%22resource%22%3A%2258%22%2C%22abVersion%22%3A%22%22%7D%7D
【整租】条玛青年社区 杨庄  石景山杨庄店,杨庄,"
                                                    ",https://legoclick.58.com/cpaclick?target=szqBpB3draOWUvYf0A-80A7Guvq8uL-ds1EQn1n3P1bYnjbOPWDYXaO1pZwVUT7bsyP-uyDzmh7hsHmknvcVPj7-uiY3rH0dsHN1ujRWryPhPWNknkDLPWE1P1c3P1DYP1NOTEDYnHn1rj0OPjTOrHmQPTDvnjTknjTKPWTknjTkTH0knHnYTHDKnHN3n1nOrj01PHnYnkDYrE7AEzdkmzd_pgPYUARhITDQTHmdTEDVnEDKnHDdnW9dPjTLPHcvrjmLn1N1P9DkTHDQnWc3rWcknjKxPjTknTDQTHb3mW9zmvPBsyNOm1DVPjP6mzYOrjn1sH7huHbzPvcOnj-hnTDQnWn1PWEvrHNvnHmQPHmYPW0zTHDzn1nvPjmOPHmQnjc3PjEYnHmKTHEzrjcKnEDKTiYKTE7CIZwk01CfsvFJsWN3shPfUiqkpyOkmy-MUvOMXgNf0A3fPWNf5vdGUMKzpyP-5HcknjKxPjTknTDKnHD1sWDkra3QrjE8rjcKnTDkTEDQsjEzrjcKXLYKnHTknjmKnHTknj9dnED1nHnkrj0vmzdhrHuhsHwWPjmVrjbdPadWnjFBPycOP1IhP1nKTHTKTEDkTEDkTymvPjN1myRBmyEzmhDdnvm&tid=3130876c-f96f-4c46-8954-c02b5b977f73&slotid=1000851&productid=10006&bizresource=0&extParam=%7B%22ppgy_stats%22%3A%7B%22pageSource%22%3A%22%22%2C%22resource%22%3A%2258%22%2C%22abVersion%22%3A%22%22%7D%7D
【整租】条玛青年社区 潘家园 鼎盛市场店,潘家园,"
                                                        -
                                                    ",https://legoclick.58.com/cpaclick?target=szqBpB3draOWUvYf0A-80A7Guvq8uL-ds1EQn1DOrjNOrHckrjTzXaO1pZwVUT7bsycLP1NQuhcdsHw-uANVPjwhmiYOuyN1sHRhrjRWPWIBnj03uEDLPWE1P1c3P1DYP1NOTEDYnHnQrH9drHbznj9kn9DvnjTknjTKnHnkTH0knHnYTHDKnHN3n1nOrj01PW9Ln9DdnT7AEzdkmzd_pgPYUARhITDQTHmvTEDVnEDKnHDdnW9dPjTLPHcvrjmLn1N1P9DkTHDQnWc3rWcknjKxPjTknTDQTyndnHwbnymvsyuhmhDVPj-buiYOPWI-sHm3mWw-ujcOmvD1nTDQnWn1njcvPHcQn1DLnW0LPWbvTHDzn1nknWmdnWDzPHE1PWnQn10KTHEzrjcKnEDKTiYKTE7CIZwk01CfsvFJsWN3shPfUiqkpyOkmy-MUvOMXgNf0A3fPWmf5vdGUMKzpyP-5HcknjKxPjTknTDKnHD1sWDkra3QrjE8rjcKnTDkTEDQsjEzrjcKXLYKnHTknjmKnHTknj9dnEDvnymOnHckmiYLmhNdsHEQPWnVrAF-mBYzuH01ryEkrjnvP19KTHTKTEDkTEDkTH0LrH7bnAEOmv7-rj93nyE&tid=61f9120a-7be5-4163-8beb-2e739d083678&slotid=1000851&productid=10006&bizresource=0&extParam=%7B%22ppgy_stats%22%3A%7B%22pageSource%22%3A%22%22%2C%22resource%22%3A%2258%22%2C%22abVersion%22%3A%22%22%7D%7D
【整租】条玛青年社区 杨庄  杨庄店,杨庄,"
                                                    ",https://legoclick.58.com/cpaclick?target=szqBpB3draOWUvYf0A-80A7Guvq8uL-ds1EQn1cknj91n10dP1mkXaO1pZwVUT7bsyuWm191n1F6sHDQmyEVPjTOniY3m1c3synYmy7-mv7huyRBPEDLPWE1P1c3P1DYP1NOTEDYnHnznjT3n1nLPH0vnTDvnjTknjTKPWTknjTkTH0knHnYTHDKnHN3n1nOrj01rj9QnEDYrT7AEzdkmzd_pgPYUARhITDQTHmLTEDVnEDKnHDdnW9dPjTLPHcvrjmLn1N1P9DkTHDQnWc3rWcknjKxPjTknTDQTyn3n1ckmWE3sH93rADVPj76PaYOn1cQsHI6rH6WuWIWm1D3nkDQnWn1njn1rjE1PjNznH9zPHc3THDzn1nkn1n3Pjn1rjNkPH0zrjTKTHEzrjcKnEDKTiYKTE7CIZwk01CfsvFJsWN3shPfUiqkpyOkmy-MUvOMXgNf0A3fPW0f5vdGUMKzpyP-5HcknjKxPjTknTDKnHD1sWDkra3QrjE8rjcKnTDkTEDQsjEzrjcKXLYKnHTknjmKnHTknj9dnED1mHDQmW9vPzdBuhn3sHEknWmVrH7-PzYLuyD3mHTdPyEQmW9KTHTKTEDkTEDkTyRWuHE3mvuWmWELujnOPHc&tid=3a11b867-bfc8-4026-91e7-7ea8a055d1b8&slotid=1000851&productid=10006&bizresource=0&extParam=%7B%22ppgy_stats%22%3A%7B%22pageSource%22%3A%22%22%2C%22resource%22%3A%2258%22%2C%22abVersion%22%3A%22%22%7D%7D
【整租】条玛青年社区 立水桥 立水桥经典,立水桥,"
                            j                            -
                            j                        ",https://legoclick.58.com/cpaclick?target=szqBpB3draOWUvYf0A-80A7Guvq8uL-ds1EQn1D3PjbYPjc1nHb3XaO1pZwVUT7bsHTkuADQPWTYsHnQnhNVPjnQmiY3n1bvsHuBrjwbPvcznyDOu9DLPWE1P1c3P1DYP1NOTEDYnHnQrjEOPjEzn1DOrTDvnjTknjTKPWTknjTkTH0knHnYTHDKnHN3n1nOrj0YnjELPkDYrE7AEzdkmzd_pgPYUARhITDQTHm3TEDVnEDKnHDdnW9dPjTLPHcvrjmLn1N1P9DkTHDQnWc3rWcknjKxPjTknTDQTHwBnAFhuW03sy7buAnVPjR-naYOPvcdsycOnW7brj66PHw6PTDQnWnzrH9QP10vPWcYP1bdPWE3THDzn1cOrjDLP1mdPWmkP1N1rHcKTHEzrjcKnEDKTiYKTE7CIZwk01CfsvFJsWN3shPfUiqkpyOkmy-MUvOMXgNf0A3fPW9f5vdGUMKzpyP-5HcknjKxPjTknTDKnHD1sWDkra3QrjE8rjcKnTDkTEDQsjEzrjcKXLYKnHTknjmKnHTknj9dnE7-rHIBPA7hriYznyNvsHEQuHEVmH-WPiYQPvP-rjbOPH--uhNKTHTKTEDkTEDkTyELnjTvujKBuHcLuHnvPWN&tid=e97b4af9-21e6-41e4-a9c5-17ce89959efe&slotid=1000851&productid=10006&bizresource=0&extParam=%7B%22ppgy_stats%22%3A%7B%22pageSource%22%3A%22%22%2C%22resource%22%3A%2258%22%2C%22abVersion%22%3A%22%22%7D%7D
【整租】条玛青年社区 立水桥 立水桥店,立水桥,"
                            j                            -
                                                    ",https://legoclick.58.com/cpaclick?target=szqBpB3draOWUvYf0A-80A7Guvq8uL-ds1EQn1cOPHT1Pj0zrjbLXaO1pZwVUT7bsHP6m1nkP1bdsH--PHcVPj--Pad6nvubsH9vn19vPAm1uhR6u9DLPWE1P1c3P1DYP1NOTEDYnHnzrHNkn1ELnW9OPkDvnjTknjTKPWTknjTkTH0knHnYTHDKnHN3n1nOrj0YnWEOP9DzPk7AEzdkmzd_pgPYUARhITDQTHmOTEDVnEDKnHDdnW9dPjTLPHcvrjmLn1N1P9DkTHDQnWc3rWcknjKxPjTknTDQTHuBnvwbPAmOsym3uhmVPjDznid6ujbQsy7hmH6-mH-hmy7WuTDQnWn1n1EzPHckrHc1njcOPHTYTHDzn1n1PjcdnWT3Pj0dnHNvPj9KTHEzrjcKnEDKTiYKTE7CIZwk01CfsvFJsWN3shPfUiqkpyOkmy-MUvOMXgNf0A3fPWbf5vdGUMKzpyP-5HcknjKxPjTknTDKnHD1sWDkra3QrjE8rjcKnTDkTEDQsjEzrjcKXLYKnHTknjmKnHTknj9dnE76uWR6uW9OnBYvrADQsHEOPWbVmWczPBdhrjw-uHcLm1NYPWTKTHTKTEDkTEDkTHbLmvnQPWbQuhPhnjcOmyc&tid=af5af892-68a1-4969-b226-f84ee27c5460&slotid=1000851&productid=10006&bizresource=0&extParam=%7B%22ppgy_stats%22%3A%7B%22pageSource%22%3A%22%22%2C%22resource%22%3A%2258%22%2C%22abVersion%22%3A%22%22%7D%7D
【整租】新宫 新发地花卉创意园 室厅,新发地花卉创意园,"
                                                    ",https://legoclick.58.com/cpaclick?target=szqBpB3draOWUvYf0A-80A7Guvq8uL-ds1Ekrj0drH9Qn1nvnj0YXaO1pZwVUT7bsHK6PyEdnhEQsHcQnHTVPAmOuiY3PWubsH9vm1T3nvEQn1T3n9DLPWE1P1c3P1DYP1NOTEDYnj9LPHb3nHn1PWTLPTDvnjTknjTKPWTknjTkTH0knHnYTHDKnHN3n1nOrj0YPjDYrEDdnT7AEzdkmzd_pgPYUARhITDQTH0kTEDVnEDKnHDdnW9dPjTLPHcvrjmLn1N1P9DkTHDQnWc3rWcknjKxPjTknTDQTHcvuAPBmyDzsH9vnvDVPj0zPadBn1-BsHI-ryNYryu6nynvnTDQnWD3Pj9QPHTLP1DdnW9YrHbzTHDznH9YrjDdnj0vPj9QP1mQnW9KTHEzrjcKnEDQsWTKTiYKTE7CIZwk01CfsvFJsWN3shPfUiqkpyOkmy-MUvOMXgNf0A3fP1Tf5vdGUMKzpyP-5HcknjKxPjTknTDKnHD1sWDkra3QrjE8rjcKnTDkTHD8nTDQsjEzrjcKXLYKnHTknjmKnHTknj9dnEDznAczrjnznad-P1cksHw-mvcVrj-6riYLPhN1uWcdmH-BmHNKTHTKTEDkTEDkTH0krj9dnWNYnvP-njN3myD&tid=20b28320-e720-4ecb-89a9-76e3f25a9ba5&slotid=1000851&productid=10006&bizresource=0&extParam=%7B%22ppgy_stats%22%3A%7B%22pageSource%22%3A%22%22%2C%22resource%22%3A%2258%22%2C%22abVersion%22%3A%22%22%7D%7D
